[
  {
    "date" : "2019-10-21",
    "platform" : "ANDROID",
    "country" : "US",
    "terminationReason" : "INTERACTION",
    "msDuration" : 8434,
    "typedQuery" : "one more light",
    "selectedQuery" : "one more light",
    "userIntent" : "context-menu",
    "viewUri" : "spotify:search:one%20more%20light"
  },
  {
    "date" : "2019-10-21",
    "platform" : "ANDROID",
    "country" : "US",
    "terminationReason" : "INTERACTION",
    "msDuration" : 13047,
    "typedQuery" : "mr. bluee",
    "selectedQuery" : "mr. bluee",
    "userIntent" : "context-menu",
    "viewUri" : "spotify:search:mr.%20bluee"
  },
  {
    "date" : "2019-10-21",
    "platform" : "ANDROID",
    "country" : "US",
    "terminationReason" : "INTERACTION",
    "msDuration" : 24261,
    "typedQuery" : "bonfire",
    "selectedQuery" : "bonfire",
    "userIntent" : "context-menu",
    "viewUri" : "spotify:search:bonfire"
  },
  {
    "date" : "2019-10-21",
    "platform" : "ANDROID",
    "country" : "US",
    "terminationReason" : "INTERACTION",
    "msDuration" : 95275,
    "typedQuery" : "bad company",
    "selectedQuery" : "bad company",
    "userIntent" : "navigate-forward",
    "viewUri" : "spotify:search:bad%20company"
  },
  {
    "date" : "2019-10-21",
    "platform" : "ANDROID",
    "country" : "US",
    "terminationReason" : "LEAVE",
    "msDuration" : 9314,
    "typedQuery" : "daniel vet",
    "selectedQuery" : null,
    "userIntent" : "nav-back-up-toolbar-button",
    "viewUri" : "spotify:search:daniel%20vet"
  },
  {
    "date" : "2019-10-21",
    "platform" : "ANDROID",
    "country" : "US",
    "terminationReason" : "INTERACTION",
    "msDuration" : 5538,
    "typedQuery" : "you only ",
    "selectedQuery" : "you only ",
    "userIntent" : "context-menu",
    "viewUri" : "spotify:search:you%20only%20"
  },
  {
    "date" : "2019-10-21",
    "platform" : "ANDROID",
    "country" : "US",
    "terminationReason" : "LEAVE",
    "msDuration" : 0,
    "typedQuery" : null,
    "selectedQuery" : null,
    "userIntent" : "nav-back-up-toolbar-button",
    "viewUri" : "spotify:search"
  },
  {
    "date" : "2019-10-21",
    "platform" : "ANDROID",
    "country" : "US",
    "terminationReason" : "INTERACTION",
    "msDuration" : 8521,
    "typedQuery" : "beautiful trauma",
    "selectedQuery" : "beautiful trauma",
    "userIntent" : "context-menu",
    "viewUri" : "spotify:search:beautiful%20trauma"
  },
  {
    "date" : "2019-10-21",
    "platform" : "ANDROID",
    "country" : "US",
    "terminationReason" : "LEAVE",
    "msDuration" : 1305549,
    "typedQuery" : null,
    "selectedQuery" : null,
    "userIntent" : "nav-back-up-toolbar-button",
    "viewUri" : "spotify:search:vienn"
  },
  {
    "date" : "2019-10-21",
    "platform" : "ANDROID",
    "country" : "US",
    "terminationReason" : "LEAVE",
    "msDuration" : 0,
    "typedQuery" : null,
    "selectedQuery" : null,
    "userIntent" : "nav-back-up-toolbar-button",
    "viewUri" : "spotify:search:dirt%20off"
  },
  {
    "date" : "2019-10-21",
    "platform" : "ANDROID",
    "country" : "US",
    "terminationReason" : "INTERACTION",
    "msDuration" : 24712,
    "typedQuery" : "down under",
    "selectedQuery" : "down under",
    "userIntent" : "context-menu",
    "viewUri" : "spotify:search:down%20under"
  },
  {
    "date" : "2019-10-21",
    "platform" : "ANDROID",
    "country" : "US",
    "terminationReason" : "INTERACTION",
    "msDuration" : 5449,
    "typedQuery" : "lonely is the",
    "selectedQuery" : "lonely is the",
    "userIntent" : "context-menu",
    "viewUri" : "spotify:search:lonely%20is%20the"
  },
  {
    "date" : "2019-10-21",
    "platform" : "ANDROID",
    "country" : "US",
    "terminationReason" : "LEAVE",
    "msDuration" : 0,
    "typedQuery" : null,
    "selectedQuery" : null,
    "userIntent" : "nav-back-up-toolbar-button",
    "viewUri" : "spotify:search"
  },
  {
    "date" : "2019-10-21",
    "platform" : "ANDROID",
    "country" : "US",
    "terminationReason" : "INTERACTION",
    "msDuration" : 14120,
    "typedQuery" : "one life stand",
    "selectedQuery" : "one life stand",
    "userIntent" : "context-menu",
    "viewUri" : "spotify:search:one%20life%20stand"
  },
  {
    "date" : "2019-10-21",
    "platform" : "ANDROID",
    "country" : "US",
    "terminationReason" : "INTERACTION",
    "msDuration" : 3994,
    "typedQuery" : "move al",
    "selectedQuery" : "move al",
    "userIntent" : "context-menu",
    "viewUri" : "spotify:search:move%20al"
  },
  {
    "date" : "2019-10-21",
    "platform" : "ANDROID",
    "country" : "US",
    "terminationReason" : "LEAVE",
    "msDuration" : 0,
    "typedQuery" : null,
    "selectedQuery" : null,
    "userIntent" : "nav-back-hardware-back-button",
    "viewUri" : "spotify:search"
  },
  {
    "date" : "2019-10-21",
    "platform" : "ANDROID",
    "country" : "US",
    "terminationReason" : "INTERACTION",
    "msDuration" : 8366,
    "typedQuery" : "fire strut",
    "selectedQuery" : "fire strut",
    "userIntent" : "context-menu",
    "viewUri" : "spotify:search:fire%20strut"
  },
  {
    "date" : "2019-10-21",
    "platform" : "ANDROID",
    "country" : "US",
    "terminationReason" : "LEAVE",
    "msDuration" : 330780,
    "typedQuery" : null,
    "selectedQuery" : null,
    "userIntent" : "nav-back-up-toolbar-button",
    "viewUri" : "spotify:search"
  },
  {
    "date" : "2019-10-21",
    "platform" : "ANDROID",
    "country" : "US",
    "terminationReason" : "INTERACTION",
    "msDuration" : 6001,
    "typedQuery" : "seasons ",
    "selectedQuery" : "seasons ",
    "userIntent" : "context-menu",
    "viewUri" : "spotify:search:seasons%20"
  },
  {
    "date" : "2019-10-21",
    "platform" : "ANDROID",
    "country" : "US",
    "terminationReason" : "INTERACTION",
    "msDuration" : 5314,
    "typedQuery" : "electric fee",
    "selectedQuery" : "electric fee",
    "userIntent" : "context-menu",
    "viewUri" : "spotify:search:electric%20fee"
  },
  {
    "date" : "2019-10-21",
    "platform" : "ANDROID",
    "country" : "US",
    "terminationReason" : "INTERACTION",
    "msDuration" : 6030,
    "typedQuery" : "more than a ",
    "selectedQuery" : "more than a ",
    "userIntent" : "context-menu",
    "viewUri" : "spotify:search:more%20than%20a%20"
  },
  {
    "date" : "2019-10-21",
    "platform" : "ANDROID",
    "country" : "US",
    "terminationReason" : "INTERACTION",
    "msDuration" : 7204,
    "typedQuery" : "reneg",
    "selectedQuery" : "reneg",
    "userIntent" : "context-menu",
    "viewUri" : "spotify:search:reneg"
  },
  {
    "date" : "2019-10-21",
    "platform" : "ANDROID",
    "country" : "US",
    "terminationReason" : "LEAVE",
    "msDuration" : 10004,
    "typedQuery" : "s",
    "selectedQuery" : null,
    "userIntent" : "nav-back-up-toolbar-button",
    "viewUri" : "spotify:search"
  },
  {
    "date" : "2019-10-21",
    "platform" : "ANDROID",
    "country" : "US",
    "terminationReason" : "INTERACTION",
    "msDuration" : 5916,
    "typedQuery" : "american girl",
    "selectedQuery" : "american girl",
    "userIntent" : "context-menu",
    "viewUri" : "spotify:search:american%20girl"
  },
  {
    "date" : "2019-10-21",
    "platform" : "ANDROID",
    "country" : "US",
    "terminationReason" : "INTERACTION",
    "msDuration" : 4401,
    "typedQuery" : "dog ",
    "selectedQuery" : "dog ",
    "userIntent" : "context-menu",
    "viewUri" : "spotify:search:dog%20"
  },
  {
    "date" : "2019-10-21",
    "platform" : "ANDROID",
    "country" : "US",
    "terminationReason" : "INTERACTION",
    "msDuration" : 6622,
    "typedQuery" : "weight of love",
    "selectedQuery" : "weight of love",
    "userIntent" : "context-menu",
    "viewUri" : "spotify:search:weight%20of%20love"
  },
  {
    "date" : "2019-10-21",
    "platform" : "ANDROID",
    "country" : "US",
    "terminationReason" : "LEAVE",
    "msDuration" : 0,
    "typedQuery" : null,
    "selectedQuery" : null,
    "userIntent" : "nav-back-up-toolbar-button",
    "viewUri" : "spotify:search"
  },
  {
    "date" : "2019-10-21",
    "platform" : "ANDROID",
    "country" : "US",
    "terminationReason" : "INTERACTION",
    "msDuration" : 13812,
    "typedQuery" : "one last drink",
    "selectedQuery" : "one last drink",
    "userIntent" : "context-menu",
    "viewUri" : "spotify:search:one%20last%20drink"
  },
  {
    "date" : "2019-10-21",
    "platform" : "ANDROID",
    "country" : "US",
    "terminationReason" : "LEAVE",
    "msDuration" : 0,
    "typedQuery" : null,
    "selectedQuery" : null,
    "userIntent" : "nav-back-up-toolbar-button",
    "viewUri" : "spotify:search"
  },
  {
    "date" : "2019-10-21",
    "platform" : "ANDROID",
    "country" : "US",
    "terminationReason" : "LEAVE",
    "msDuration" : 0,
    "typedQuery" : null,
    "selectedQuery" : null,
    "userIntent" : "nav-back-up-toolbar-button",
    "viewUri" : "spotify:search:you%20only%20"
  },
  {
    "date" : "2019-10-22",
    "platform" : "ANDROID",
    "country" : "US",
    "terminationReason" : "INTERACTION",
    "msDuration" : 1955,
    "typedQuery" : "mah",
    "selectedQuery" : "mah",
    "userIntent" : "navigate-forward",
    "viewUri" : "spotify:search:mah"
  },
  {
    "date" : "2019-10-22",
    "platform" : "DESKTOP",
    "country" : "US",
    "terminationReason" : "INTERACTION",
    "msDuration" : 0,
    "typedQuery" : null,
    "selectedQuery" : "l'imp",
    "userIntent" : "navigate-forward",
    "viewUri" : "spotify:search:l'imp"
  },
  {
    "date" : "2019-10-24",
    "platform" : "DESKTOP",
    "country" : "US",
    "terminationReason" : "INTERACTION",
    "msDuration" : 0,
    "typedQuery" : null,
    "selectedQuery" : "bo en",
    "userIntent" : "navigate-forward",
    "viewUri" : "spotify:search:bo en"
  },
  {
    "date" : "2019-10-24",
    "platform" : "DESKTOP",
    "country" : "US",
    "terminationReason" : "INTERACTION",
    "msDuration" : 0,
    "typedQuery" : null,
    "selectedQuery" : "Steven un",
    "userIntent" : "navigate-forward",
    "viewUri" : "spotify:search:Steven un"
  },
  {
    "date" : "2019-10-24",
    "platform" : "DESKTOP",
    "country" : "US",
    "terminationReason" : "INTERACTION",
    "msDuration" : 0,
    "typedQuery" : null,
    "selectedQuery" : "Vegyn",
    "userIntent" : "navigate-forward",
    "viewUri" : "spotify:search:Vegyn"
  },
  {
    "date" : "2019-10-24",
    "platform" : "DESKTOP",
    "country" : "US",
    "terminationReason" : "INTERACTION",
    "msDuration" : 0,
    "typedQuery" : null,
    "selectedQuery" : "Steven un",
    "userIntent" : "navigate-forward",
    "viewUri" : "spotify:search:Steven un"
  },
  {
    "date" : "2019-10-25",
    "platform" : "DESKTOP",
    "country" : "US",
    "terminationReason" : "INTERACTION",
    "msDuration" : 0,
    "typedQuery" : null,
    "selectedQuery" : "kany",
    "userIntent" : "navigate-forward",
    "viewUri" : "spotify:search:kany"
  },
  {
    "date" : "2019-10-25",
    "platform" : "DESKTOP",
    "country" : "US",
    "terminationReason" : "INTERACTION",
    "msDuration" : 0,
    "typedQuery" : null,
    "selectedQuery" : "Be Content",
    "userIntent" : "navigate-forward",
    "viewUri" : "spotify:search:Be Content"
  },
  {
    "date" : "2019-10-25",
    "platform" : "ANDROID",
    "country" : "US",
    "terminationReason" : "INTERACTION",
    "msDuration" : 2122,
    "typedQuery" : "kany",
    "selectedQuery" : "kany",
    "userIntent" : "navigate-forward",
    "viewUri" : "spotify:search:kany"
  },
  {
    "date" : "2019-10-25",
    "platform" : "DESKTOP",
    "country" : "US",
    "terminationReason" : "INTERACTION",
    "msDuration" : 0,
    "typedQuery" : null,
    "selectedQuery" : "laude",
    "userIntent" : "play",
    "viewUri" : "spotify:search:laude"
  },
  {
    "date" : "2019-10-25",
    "platform" : "DESKTOP",
    "country" : "US",
    "terminationReason" : "INTERACTION",
    "msDuration" : 0,
    "typedQuery" : null,
    "selectedQuery" : "Ghosteen",
    "userIntent" : "navigate-forward",
    "viewUri" : "spotify:search:Ghosteen"
  },
  {
    "date" : "2019-10-25",
    "platform" : "DESKTOP",
    "country" : "US",
    "terminationReason" : "INTERACTION",
    "msDuration" : 0,
    "typedQuery" : null,
    "selectedQuery" : "kanye",
    "userIntent" : "navigate-forward",
    "viewUri" : "spotify:search:kanye"
  },
  {
    "date" : "2019-10-25",
    "platform" : "DESKTOP",
    "country" : "US",
    "terminationReason" : "INTERACTION",
    "msDuration" : 0,
    "typedQuery" : null,
    "selectedQuery" : "kany",
    "userIntent" : "navigate-forward",
    "viewUri" : "spotify:search:kany"
  },
  {
    "date" : "2019-10-25",
    "platform" : "ANDROID",
    "country" : "US",
    "terminationReason" : "INTERACTION",
    "msDuration" : 2325,
    "typedQuery" : "roddy",
    "selectedQuery" : "roddy",
    "userIntent" : "context-menu",
    "viewUri" : "spotify:search:roddy"
  },
  {
    "date" : "2019-10-25",
    "platform" : "DESKTOP",
    "country" : "US",
    "terminationReason" : "INTERACTION",
    "msDuration" : 0,
    "typedQuery" : null,
    "selectedQuery" : "There e",
    "userIntent" : "navigate-forward",
    "viewUri" : "spotify:search:There e"
  },
  {
    "date" : "2019-10-25",
    "platform" : "ANDROID",
    "country" : "US",
    "terminationReason" : "LEAVE",
    "msDuration" : 0,
    "typedQuery" : null,
    "selectedQuery" : null,
    "userIntent" : "nav-back-hardware-back-button",
    "viewUri" : "spotify:search"
  },
  {
    "date" : "2019-10-28",
    "platform" : "DESKTOP",
    "country" : "US",
    "terminationReason" : "INTERACTION",
    "msDuration" : 0,
    "typedQuery" : null,
    "selectedQuery" : "Never",
    "userIntent" : "navigate-forward",
    "viewUri" : "spotify:search:Never"
  },
  {
    "date" : "2019-10-28",
    "platform" : "DESKTOP",
    "country" : "US",
    "terminationReason" : "INTERACTION",
    "msDuration" : 0,
    "typedQuery" : null,
    "selectedQuery" : "Never",
    "userIntent" : "play",
    "viewUri" : "spotify:search:Never"
  },
  {
    "date" : "2019-10-29",
    "platform" : "DESKTOP",
    "country" : "US",
    "terminationReason" : "INTERACTION",
    "msDuration" : 0,
    "typedQuery" : null,
    "selectedQuery" : "Ugotm",
    "userIntent" : "play",
    "viewUri" : "spotify:search:Ugotm"
  },
  {
    "date" : "2019-10-29",
    "platform" : "DESKTOP",
    "country" : "US",
    "terminationReason" : "INTERACTION",
    "msDuration" : 0,
    "typedQuery" : null,
    "selectedQuery" : "earf",
    "userIntent" : "play",
    "viewUri" : "spotify:search:earf"
  },
  {
    "date" : "2019-10-29",
    "platform" : "ANDROID",
    "country" : "US",
    "terminationReason" : "INTERACTION",
    "msDuration" : 1718,
    "typedQuery" : "rolling s",
    "selectedQuery" : "rolling s",
    "userIntent" : "navigate-forward",
    "viewUri" : "spotify:search:rolling%20s"
  },
  {
    "date" : "2019-10-29",
    "platform" : "DESKTOP",
    "country" : "US",
    "terminationReason" : "INTERACTION",
    "msDuration" : 0,
    "typedQuery" : null,
    "selectedQuery" : "frank",
    "userIntent" : "navigate-forward",
    "viewUri" : "spotify:search:frank"
  },
  {
    "date" : "2019-10-30",
    "platform" : "DESKTOP",
    "country" : "US",
    "terminationReason" : "INTERACTION",
    "msDuration" : 0,
    "typedQuery" : null,
    "selectedQuery" : "Ginger",
    "userIntent" : "play",
    "viewUri" : "spotify:search:Ginger"
  },
  {
    "date" : "2019-10-30",
    "platform" : "ANDROID",
    "country" : "US",
    "terminationReason" : "INTERACTION",
    "msDuration" : 5358,
    "typedQuery" : "start here",
    "selectedQuery" : "start here",
    "userIntent" : "navigate-forward",
    "viewUri" : "spotify:search:start%20here"
  },
  {
    "date" : "2019-10-30",
    "platform" : "DESKTOP",
    "country" : "US",
    "terminationReason" : "INTERACTION",
    "msDuration" : 0,
    "typedQuery" : null,
    "selectedQuery" : "Passion f",
    "userIntent" : "context-menu",
    "viewUri" : "spotify:search:Passion f"
  },
  {
    "date" : "2019-10-30",
    "platform" : "DESKTOP",
    "country" : "US",
    "terminationReason" : "INTERACTION",
    "msDuration" : 0,
    "typedQuery" : null,
    "selectedQuery" : "2014",
    "userIntent" : "navigate-forward",
    "viewUri" : "spotify:search:2014"
  },
  {
    "date" : "2019-10-30",
    "platform" : "DESKTOP",
    "country" : "US",
    "terminationReason" : "INTERACTION",
    "msDuration" : 0,
    "typedQuery" : null,
    "selectedQuery" : "2014",
    "userIntent" : "navigate-forward",
    "viewUri" : "spotify:search:2014"
  },
  {
    "date" : "2019-10-30",
    "platform" : "DESKTOP",
    "country" : "US",
    "terminationReason" : "INTERACTION",
    "msDuration" : 0,
    "typedQuery" : null,
    "selectedQuery" : "2014",
    "userIntent" : "navigate-forward",
    "viewUri" : "spotify:search:2014"
  },
  {
    "date" : "2019-10-30",
    "platform" : "DESKTOP",
    "country" : "US",
    "terminationReason" : "INTERACTION",
    "msDuration" : 0,
    "typedQuery" : null,
    "selectedQuery" : "Passion f",
    "userIntent" : "play",
    "viewUri" : "spotify:search:Passion f"
  },
  {
    "date" : "2019-11-01",
    "platform" : "IOS",
    "country" : "US",
    "terminationReason" : "INTERACTION",
    "msDuration" : 0,
    "typedQuery" : null,
    "selectedQuery" : null,
    "userIntent" : "navigate-forward",
    "viewUri" : null
  },
  {
    "date" : "2019-11-01",
    "platform" : "ANDROID",
    "country" : "US",
    "terminationReason" : "INTERACTION",
    "msDuration" : 0,
    "typedQuery" : null,
    "selectedQuery" : null,
    "userIntent" : "navigate-forward",
    "viewUri" : "spotify:search"
  },
  {
    "date" : "2019-11-01",
    "platform" : "ANDROID",
    "country" : "US",
    "terminationReason" : "INTERACTION",
    "msDuration" : 0,
    "typedQuery" : null,
    "selectedQuery" : "duke el",
    "userIntent" : "navigate-forward",
    "viewUri" : "spotify:search:duke%20el"
  },
  {
    "date" : "2019-11-01",
    "platform" : "ANDROID",
    "country" : "US",
    "terminationReason" : "INTERACTION",
    "msDuration" : 1525,
    "typedQuery" : "duke el",
    "selectedQuery" : "duke el",
    "userIntent" : "navigate-forward",
    "viewUri" : "spotify:search:duke%20el"
  },
  {
    "date" : "2019-11-01",
    "platform" : "ANDROID",
    "country" : "US",
    "terminationReason" : "INTERACTION",
    "msDuration" : 4366,
    "typedQuery" : "idk",
    "selectedQuery" : "idk",
    "userIntent" : "navigate-forward",
    "viewUri" : "spotify:search:idk"
  },
  {
    "date" : "2019-11-02",
    "platform" : "ANDROID",
    "country" : "US",
    "terminationReason" : "INTERACTION",
    "msDuration" : 3049,
    "typedQuery" : "Frank",
    "selectedQuery" : "Frank",
    "userIntent" : "navigate-forward",
    "viewUri" : "spotify:search:Frank"
  },
  {
    "date" : "2019-11-02",
    "platform" : "ANDROID",
    "country" : "US",
    "terminationReason" : "INTERACTION",
    "msDuration" : 1511,
    "typedQuery" : "jon b",
    "selectedQuery" : "jon b",
    "userIntent" : "navigate-forward",
    "viewUri" : "spotify:search:jon%20b"
  },
  {
    "date" : "2019-11-02",
    "platform" : "ANDROID",
    "country" : "US",
    "terminationReason" : "LEAVE",
    "msDuration" : 0,
    "typedQuery" : null,
    "selectedQuery" : null,
    "userIntent" : "nav-back-hardware-back-button",
    "viewUri" : "spotify:search"
  },
  {
    "date" : "2019-11-04",
    "platform" : "ANDROID",
    "country" : "US",
    "terminationReason" : "INTERACTION",
    "msDuration" : 5025,
    "typedQuery" : "jpeg",
    "selectedQuery" : "jpeg",
    "userIntent" : "navigate-forward",
    "viewUri" : "spotify:search:jpeg"
  },
  {
    "date" : "2019-11-04",
    "platform" : "ANDROID",
    "country" : "US",
    "terminationReason" : "LEAVE",
    "msDuration" : 808,
    "typedQuery" : null,
    "selectedQuery" : null,
    "userIntent" : "nav-back-hardware-back-button",
    "viewUri" : "spotify:search"
  },
  {
    "date" : "2019-11-04",
    "platform" : "DESKTOP",
    "country" : "US",
    "terminationReason" : "INTERACTION",
    "msDuration" : 0,
    "typedQuery" : null,
    "selectedQuery" : "Destiny Mark",
    "userIntent" : "play",
    "viewUri" : "spotify:search:Destiny Mark"
  },
  {
    "date" : "2019-11-05",
    "platform" : "ANDROID",
    "country" : "US",
    "terminationReason" : "TIMEOUT",
    "msDuration" : 0,
    "typedQuery" : "Army SahBabii",
    "selectedQuery" : null,
    "userIntent" : null,
    "viewUri" : null
  },
  {
    "date" : "2019-11-05",
    "platform" : "ANDROID",
    "country" : "US",
    "terminationReason" : "INTERACTION",
    "msDuration" : 1988,
    "typedQuery" : "197",
    "selectedQuery" : "197",
    "userIntent" : "navigate-forward",
    "viewUri" : "spotify:search:197"
  },
  {
    "date" : "2019-11-05",
    "platform" : "ANDROID",
    "country" : "US",
    "terminationReason" : "LEAVE",
    "msDuration" : 0,
    "typedQuery" : null,
    "selectedQuery" : null,
    "userIntent" : "nav-back-up-toolbar-button",
    "viewUri" : "spotify:search:197"
  },
  {
    "date" : "2019-11-05",
    "platform" : "ANDROID",
    "country" : "US",
    "terminationReason" : "INTERACTION",
    "msDuration" : 2110,
    "typedQuery" : "bo e",
    "selectedQuery" : "bo e",
    "userIntent" : "navigate-forward",
    "viewUri" : "spotify:search:bo%20e"
  },
  {
    "date" : "2019-11-05",
    "platform" : "ANDROID",
    "country" : "US",
    "terminationReason" : "INTERACTION",
    "msDuration" : 11118,
    "typedQuery" : "jid",
    "selectedQuery" : "jid",
    "userIntent" : "navigate-forward",
    "viewUri" : "spotify:search:jid"
  },
  {
    "date" : "2019-11-07",
    "platform" : "DESKTOP",
    "country" : "US",
    "terminationReason" : "INTERACTION",
    "msDuration" : 0,
    "typedQuery" : null,
    "selectedQuery" : "age of immuno",
    "userIntent" : "navigate-forward",
    "viewUri" : "spotify:search:age of immuno"
  },
  {
    "date" : "2019-11-07",
    "platform" : "DESKTOP",
    "country" : "US",
    "terminationReason" : "INTERACTION",
    "msDuration" : 0,
    "typedQuery" : null,
    "selectedQuery" : "FKA tw",
    "userIntent" : "navigate-forward",
    "viewUri" : "spotify:search:FKA tw"
  },
  {
    "date" : "2019-11-07",
    "platform" : "DESKTOP",
    "country" : "US",
    "terminationReason" : "INTERACTION",
    "msDuration" : 0,
    "typedQuery" : null,
    "selectedQuery" : "in colo",
    "userIntent" : "navigate-forward",
    "viewUri" : "spotify:search:in colo"
  },
  {
    "date" : "2019-11-08",
    "platform" : "ANDROID",
    "country" : "US",
    "terminationReason" : "INTERACTION",
    "msDuration" : 3220,
    "typedQuery" : "upshot",
    "selectedQuery" : "upshot",
    "userIntent" : "navigate-forward",
    "viewUri" : "spotify:search:upshot"
  },
  {
    "date" : "2019-11-08",
    "platform" : "DESKTOP",
    "country" : "US",
    "terminationReason" : "INTERACTION",
    "msDuration" : 0,
    "typedQuery" : null,
    "selectedQuery" : "The Marias",
    "userIntent" : "navigate-forward",
    "viewUri" : "spotify:search:The Marias"
  },
  {
    "date" : "2019-11-08",
    "platform" : "ANDROID",
    "country" : "US",
    "terminationReason" : "INTERACTION",
    "msDuration" : 13462,
    "typedQuery" : "fiv",
    "selectedQuery" : "fiv",
    "userIntent" : "navigate-forward",
    "viewUri" : "spotify:search:fiv"
  },
  {
    "date" : "2019-11-08",
    "platform" : "DESKTOP",
    "country" : "US",
    "terminationReason" : "INTERACTION",
    "msDuration" : 0,
    "typedQuery" : null,
    "selectedQuery" : "The Marias",
    "userIntent" : "navigate-forward",
    "viewUri" : "spotify:search:The Marias"
  },
  {
    "date" : "2019-11-08",
    "platform" : "ANDROID",
    "country" : "US",
    "terminationReason" : "INTERACTION",
    "msDuration" : 4498,
    "typedQuery" : "magd",
    "selectedQuery" : "magd",
    "userIntent" : "navigate-forward",
    "viewUri" : "spotify:search:magd"
  },
  {
    "date" : "2019-11-10",
    "platform" : "ANDROID",
    "country" : "US",
    "terminationReason" : "INTERACTION",
    "msDuration" : 4924,
    "typedQuery" : "big wh",
    "selectedQuery" : "big wh",
    "userIntent" : "context-menu",
    "viewUri" : "spotify:search:big%20wh"
  },
  {
    "date" : "2019-11-11",
    "platform" : "ANDROID",
    "country" : "US",
    "terminationReason" : "INTERACTION",
    "msDuration" : 3422,
    "typedQuery" : "the o",
    "selectedQuery" : "the o",
    "userIntent" : "navigate-forward",
    "viewUri" : "spotify:search:the%20o"
  },
  {
    "date" : "2019-11-13",
    "platform" : "DESKTOP",
    "country" : "US",
    "terminationReason" : "INTERACTION",
    "msDuration" : 0,
    "typedQuery" : null,
    "selectedQuery" : "FKJ",
    "userIntent" : "navigate-forward",
    "viewUri" : "spotify:search:FKJ"
  },
  {
    "date" : "2019-11-13",
    "platform" : "DESKTOP",
    "country" : "US",
    "terminationReason" : "INTERACTION",
    "msDuration" : 0,
    "typedQuery" : null,
    "selectedQuery" : "feel no",
    "userIntent" : "navigate-forward",
    "viewUri" : "spotify:search:feel no"
  },
  {
    "date" : "2019-11-14",
    "platform" : "DESKTOP",
    "country" : "US",
    "terminationReason" : "INTERACTION",
    "msDuration" : 0,
    "typedQuery" : null,
    "selectedQuery" : "Wynton Kel",
    "userIntent" : "navigate-forward",
    "viewUri" : "spotify:search:Wynton Kel"
  },
  {
    "date" : "2019-11-14",
    "platform" : "DESKTOP",
    "country" : "US",
    "terminationReason" : "INTERACTION",
    "msDuration" : 0,
    "typedQuery" : null,
    "selectedQuery" : "Ezra ",
    "userIntent" : "navigate-forward",
    "viewUri" : "spotify:search:Ezra "
  },
  {
    "date" : "2019-11-14",
    "platform" : "DESKTOP",
    "country" : "US",
    "terminationReason" : "INTERACTION",
    "msDuration" : 0,
    "typedQuery" : null,
    "selectedQuery" : "Wynton Kel",
    "userIntent" : "play",
    "viewUri" : "spotify:search:Wynton Kel"
  },
  {
    "date" : "2019-11-14",
    "platform" : "DESKTOP",
    "country" : "US",
    "terminationReason" : "INTERACTION",
    "msDuration" : 0,
    "typedQuery" : null,
    "selectedQuery" : "Neon Ind",
    "userIntent" : "navigate-forward",
    "viewUri" : "spotify:search:Neon Ind"
  },
  {
    "date" : "2019-11-14",
    "platform" : "DESKTOP",
    "country" : "US",
    "terminationReason" : "INTERACTION",
    "msDuration" : 0,
    "typedQuery" : null,
    "selectedQuery" : "HONNE",
    "userIntent" : "navigate-forward",
    "viewUri" : "spotify:search:HONNE"
  },
  {
    "date" : "2019-11-14",
    "platform" : "DESKTOP",
    "country" : "US",
    "terminationReason" : "INTERACTION",
    "msDuration" : 0,
    "typedQuery" : null,
    "selectedQuery" : "Wynton Kel",
    "userIntent" : "navigate-forward",
    "viewUri" : "spotify:search:Wynton Kel"
  },
  {
    "date" : "2019-11-14",
    "platform" : "DESKTOP",
    "country" : "US",
    "terminationReason" : "INTERACTION",
    "msDuration" : 0,
    "typedQuery" : null,
    "selectedQuery" : "Wynton Kel",
    "userIntent" : "navigate-forward",
    "viewUri" : "spotify:search:Wynton Kel"
  },
  {
    "date" : "2019-11-15",
    "platform" : "ANDROID",
    "country" : "US",
    "terminationReason" : "INTERACTION",
    "msDuration" : 1728,
    "typedQuery" : "vulf",
    "selectedQuery" : "vulf",
    "userIntent" : "navigate-forward",
    "viewUri" : "spotify:search:vulf"
  },
  {
    "date" : "2019-11-15",
    "platform" : "ANDROID",
    "country" : "US",
    "terminationReason" : "INTERACTION",
    "msDuration" : 4256,
    "typedQuery" : "cory",
    "selectedQuery" : "cory",
    "userIntent" : "navigate-forward",
    "viewUri" : "spotify:search:cory"
  },
  {
    "date" : "2019-11-15",
    "platform" : "ANDROID",
    "country" : "US",
    "terminationReason" : "INTERACTION",
    "msDuration" : 2173,
    "typedQuery" : "vulf",
    "selectedQuery" : "vulf",
    "userIntent" : "navigate-forward",
    "viewUri" : "spotify:search:vulf"
  },
  {
    "date" : "2019-11-16",
    "platform" : "ANDROID",
    "country" : "US",
    "terminationReason" : "INTERACTION",
    "msDuration" : 8868,
    "typedQuery" : "Street Player",
    "selectedQuery" : "Street Player",
    "userIntent" : "context-menu",
    "viewUri" : "spotify:search:Street%20Player"
  },
  {
    "date" : "2019-11-16",
    "platform" : "ANDROID",
    "country" : "US",
    "terminationReason" : "INTERACTION",
    "msDuration" : 0,
    "typedQuery" : null,
    "selectedQuery" : "Street Player",
    "userIntent" : "context-menu",
    "viewUri" : "spotify:search:Street%20Player"
  },
  {
    "date" : "2019-11-17",
    "platform" : "ANDROID",
    "country" : "US",
    "terminationReason" : "TIMEOUT",
    "msDuration" : 6309,
    "typedQuery" : "rich gir",
    "selectedQuery" : null,
    "userIntent" : null,
    "viewUri" : null
  },
  {
    "date" : "2019-11-18",
    "platform" : "DESKTOP",
    "country" : "US",
    "terminationReason" : "INTERACTION",
    "msDuration" : 0,
    "typedQuery" : null,
    "selectedQuery" : "morning phas",
    "userIntent" : "navigate-forward",
    "viewUri" : "spotify:search:morning phas"
  },
  {
    "date" : "2019-11-19",
    "platform" : "ANDROID",
    "country" : "US",
    "terminationReason" : "INTERACTION",
    "msDuration" : 6227,
    "typedQuery" : "blood anima",
    "selectedQuery" : "blood anima",
    "userIntent" : "context-menu",
    "viewUri" : "spotify:search:blood%20anima"
  },
  {
    "date" : "2019-11-19",
    "platform" : "DESKTOP",
    "country" : "US",
    "terminationReason" : "INTERACTION",
    "msDuration" : 0,
    "typedQuery" : null,
    "selectedQuery" : "virgo",
    "userIntent" : "navigate-forward",
    "viewUri" : "spotify:search:virgo"
  }
]