{
  "tracks": [
    {
      "artist": "Pusha T",
      "album": "DAYTONA",
      "track": "Hard Piano"
    },
    {
      "artist": "Janelle Monáe",
      "album": "Dirty Computer",
      "track": "Stevie's Dream"
    },
    {
      "artist": "Noname",
      "album": "Telefone",
      "track": "Reality Check (feat. Akenya & Eryn Allen Kane)"
    },
    {
      "artist": "SZA",
      "album": "Ctrl",
      "track": "Broken Clocks"
    },
    {
      "artist": "Nick Drake",
      "album": "Pink Moon",
      "track": "Which Will"
    },
    {
      "artist": "Frank Ocean",
      "album": "channel ORANGE",
      "track": "Crack Rock"
    },
    {
      "artist": "BROCKHAMPTON",
      "album": "SATURATION III",
      "track": "CINEMA 1"
    },
    {
      "artist": "Barrie",
      "album": "Happy to Be Here",
      "track": "Chinatown"
    },
    {
      "artist": "Saba",
      "album": "Bucket List Project",
      "track": "Church / Liquor Store"
    },
    {
      "artist": "Nick Drake",
      "album": "Pink Moon",
      "track": "Pink Moon"
    },
    {
      "artist": "BROCKHAMPTON",
      "album": "SATURATION III",
      "track": "LIQUID"
    },
    {
      "artist": "Barrie",
      "album": "Happy to Be Here",
      "track": "Hutch"
    },
    {
      "artist": "Radiohead",
      "album": "OK Computer",
      "track": "Fitter Happier"
    },
    {
      "artist": "Helena Deland",
      "album": "Altogether Unaccompanied, Vol. I",
      "track": "Perfect Weather for a Crime"
    },
    {
      "artist": "Tyler, The Creator",
      "album": "Flower Boy",
      "track": "Pothole"
    },
    {
      "artist": "Jack Johnson",
      "album": "In Between Dreams",
      "track": "No Other Way"
    },
    {
      "artist": "Dominic Fike",
      "album": "Don't Forget About Me, Demos",
      "track": "3 Nights"
    },
    {
      "artist": "The Vryll Society",
      "album": "Course Of The Satellite",
      "track": "When The Air Is Hot"
    },
    {
      "artist": "Kacey Musgraves",
      "album": "Golden Hour",
      "track": "Love Is A Wild Thing"
    },
    {
      "artist": "The Glitch Mob",
      "album": "Drink the Sea",
      "track": "Animus Vox"
    },
    {
      "artist": "Helena Deland",
      "album": "Altogether Unaccompanied, Vol. III",
      "track": "Lean on You"
    },
    {
      "artist": "Mitski",
      "album": "Be the Cowboy",
      "track": "Lonesome Love"
    },
    {
      "artist": "BROCKHAMPTON",
      "album": "SATURATION III",
      "track": "HOTTIE"
    },
    {
      "artist": "Kacey Musgraves",
      "album": "Golden Hour",
      "track": "Rainbow"
    },
    {
      "artist": "Funkadelic",
      "album": "Maggot Brain",
      "track": "Maggot Brain - Alternate Mix"
    },
    {
      "artist": "Beck",
      "album": "Morning Phase",
      "track": "Waking Light"
    },
    {
      "artist": "Kevin Abstract",
      "album": "ARIZONA BABY",
      "track": "Joyride"
    },
    {
      "artist": "SZA",
      "album": "Ctrl",
      "track": "Doves In The Wind"
    },
    {
      "artist": "Janelle Monáe",
      "album": "Dirty Computer",
      "track": "Take a Byte"
    },
    {
      "artist": "Led Zeppelin",
      "album": "Led Zeppelin",
      "track": "Your Time Is Gonna Come - 2014 Remaster"
    },
    {
      "artist": "Kacey Musgraves",
      "album": "Golden Hour",
      "track": "Golden Hour"
    },
    {
      "artist": "City Girl",
      "album": "Neon Impasse",
      "track": "Ji-Eun's Sunset"
    },
    {
      "artist": "Jacob Collier",
      "album": "In My Room",
      "track": "Now And Then I Think About You"
    },
    {
      "artist": "Vince Staples",
      "album": "Big Fish Theory",
      "track": "Rain Come Down"
    },
    {
      "artist": "Tyler, The Creator",
      "album": "Flower Boy",
      "track": "Foreword"
    },
    {
      "artist": "BROCKHAMPTON",
      "album": "SATURATION III",
      "track": "BOOGIE"
    },
    {
      "artist": "Against All Logic",
      "album": "2012 - 2017",
      "track": "This Old House Is All I Have"
    },
    {
      "artist": "Tyler, The Creator",
      "album": "Flower Boy",
      "track": "Droppin' Seeds"
    },
    {
      "artist": "Totally Mild",
      "album": "Her",
      "track": "Down Together"
    },
    {
      "artist": "Against All Logic",
      "album": "2012 - 2017",
      "track": "Now U Got Me Hooked"
    },
    {
      "artist": "SZA",
      "album": "Ctrl",
      "track": "Pretty Little Birds (feat. Isaiah Rashad)"
    },
    {
      "artist": "Against All Logic",
      "album": "2012 - 2017",
      "track": "Such a Bad Way"
    },
    {
      "artist": "Tyler, The Creator",
      "album": "Flower Boy",
      "track": "Boredom"
    },
    {
      "artist": "The Front Bottoms",
      "album": "Going Grey",
      "track": "Peace Sign"
    },
    {
      "artist": "Mac Miller",
      "album": "Macadelic",
      "track": "Fight the Feeling"
    },
    {
      "artist": "Rapsody",
      "album": "Eve",
      "track": "Ibtihaj"
    },
    {
      "artist": "Moses Sumney",
      "album": "Aromanticism",
      "track": "Make Out in My Car"
    },
    {
      "artist": "BROCKHAMPTON",
      "album": "SATURATION III",
      "track": "STAINS"
    },
    {
      "artist": "Nilüfer Yanya",
      "album": "Miss Universe",
      "track": "Monsters Under The Bed"
    },
    {
      "artist": "Radiohead",
      "album": "OK Computer",
      "track": "Karma Police"
    },
    {
      "artist": "Frank Ocean",
      "album": "channel ORANGE",
      "track": "Pyramids"
    },
    {
      "artist": "BROCKHAMPTON",
      "album": "SATURATION",
      "track": "SKIT 1"
    },
    {
      "artist": "Tyler, The Creator",
      "album": "IGOR",
      "track": "I DON'T LOVE YOU ANYMORE"
    },
    {
      "artist": "Smino",
      "album": "blkswn",
      "track": "Anita"
    },
    {
      "artist": "Smino",
      "album": "blkswn",
      "track": "Innamission"
    },
    {
      "artist": "Capital Cities",
      "album": "In A Tidal Wave Of Mystery",
      "track": "Kangaroo Court"
    },
    {
      "artist": "Nilüfer Yanya",
      "album": "Miss Universe",
      "track": "Give Up Function"
    },
    {
      "artist": "Lee Fields & The Expressions",
      "album": "Emma Jean",
      "track": "Stone Angel"
    },
    {
      "artist": "Lee Fields & The Expressions",
      "album": "Emma Jean",
      "track": "In the Woods"
    },
    {
      "artist": "Vince Staples",
      "album": "Big Fish Theory",
      "track": "Yeah Right"
    },
    {
      "artist": "BROCKHAMPTON",
      "album": "SATURATION II",
      "track": "SUMMER"
    },
    {
      "artist": "Frank Ocean",
      "album": "channel ORANGE",
      "track": "Not Just Money"
    },
    {
      "artist": "Barrie",
      "album": "Happy to Be Here",
      "track": "Geology"
    },
    {
      "artist": "Love",
      "album": "Forever Changes",
      "track": "Bummer In The Summer - 2015 Remastered Version"
    },
    {
      "artist": "Tyler, The Creator",
      "album": "IGOR",
      "track": "EARFQUAKE"
    },
    {
      "artist": "Nilüfer Yanya",
      "album": "Miss Universe",
      "track": "Tears"
    },
    {
      "artist": "Superorganism",
      "album": "Superorganism",
      "track": "Night Time"
    },
    {
      "artist": "Ezra Collective",
      "album": "Juan Pablo: The Philosopher",
      "track": "James Speaks to the Galaxy"
    },
    {
      "artist": "Noname",
      "album": "Room 25",
      "track": "Part Of Me"
    },
    {
      "artist": "Anderson .Paak",
      "album": "Oxnard",
      "track": "Brother's Keeper (feat. Pusha T)"
    },
    {
      "artist": "The Vryll Society",
      "album": "Course Of The Satellite",
      "track": "Course Of The Satellite"
    },
    {
      "artist": "Jack Johnson",
      "album": "In Between Dreams",
      "track": "Breakdown"
    },
    {
      "artist": "Kevin Abstract",
      "album": "ARIZONA BABY",
      "track": "Peach"
    },
    {
      "artist": "Janelle Monáe",
      "album": "Dirty Computer",
      "track": "So Afraid"
    },
    {
      "artist": "Beck",
      "album": "Morning Phase",
      "track": "Country Down"
    },
    {
      "artist": "Led Zeppelin",
      "album": "Led Zeppelin",
      "track": "How Many More Times - 2014 Remaster"
    },
    {
      "artist": "Mitski",
      "album": "Be the Cowboy",
      "track": "Old Friend"
    },
    {
      "artist": "Led Zeppelin",
      "album": "Led Zeppelin",
      "track": "Communication Breakdown - 2014 Remaster"
    },
    {
      "artist": "Totally Mild",
      "album": "Her",
      "track": "Pearl"
    },
    {
      "artist": "Noname",
      "album": "Telefone",
      "track": "Diddy Bop (feat. Cam O'bi & Raury)"
    },
    {
      "artist": "Helena Deland",
      "album": "Altogether Unaccompanied, Vol. IV",
      "track": "Rise"
    },
    {
      "artist": "Mitski",
      "album": "Be the Cowboy",
      "track": "Come into the Water"
    },
    {
      "artist": "Helena Deland",
      "album": "Drawing Room",
      "track": "Black Metal"
    },
    {
      "artist": "Saba",
      "album": "CARE FOR ME",
      "track": "LOGOUT"
    },
    {
      "artist": "Jack Johnson",
      "album": "In Between Dreams",
      "track": "Good People"
    },
    {
      "artist": "Pusha T",
      "album": "DAYTONA",
      "track": "What Would Meek Do?"
    },
    {
      "artist": "Lee Fields & The Expressions",
      "album": "Emma Jean",
      "track": "Standing by Your Side"
    },
    {
      "artist": "The Vryll Society",
      "album": "Course Of The Satellite",
      "track": "A Perfect Rhythm"
    },
    {
      "artist": "Funkadelic",
      "album": "Maggot Brain",
      "track": "Back In Our Minds"
    },
    {
      "artist": "Jacob Collier",
      "album": "In My Room",
      "track": "Saviour"
    },
    {
      "artist": "The Glitch Mob",
      "album": "Drink the Sea",
      "track": "Fortune Days"
    },
    {
      "artist": "Capital Cities",
      "album": "In A Tidal Wave Of Mystery",
      "track": "Safe And Sound"
    },
    {
      "artist": "Capital Cities",
      "album": "In A Tidal Wave Of Mystery",
      "track": "One Minute More"
    },
    {
      "artist": "Nick Drake",
      "album": "Pink Moon",
      "track": "Know"
    },
    {
      "artist": "Jacob Collier",
      "album": "In My Room",
      "track": "Hajanga"
    },
    {
      "artist": "Capital Cities",
      "album": "In A Tidal Wave Of Mystery",
      "track": "Lazy Lies"
    },
    {
      "artist": "Anderson .Paak",
      "album": "Oxnard",
      "track": "Cheers (feat. Q-Tip)"
    },
    {
      "artist": "Frank Ocean",
      "album": "Blonde",
      "track": "Futura Free"
    },
    {
      "artist": "Beck",
      "album": "Morning Phase",
      "track": "Don't Let It Go"
    },
    {
      "artist": "Tyler, The Creator",
      "album": "Flower Boy",
      "track": "See You Again"
    },
    {
      "artist": "BROCKHAMPTON",
      "album": "SATURATION III",
      "track": "CINEMA 3"
    },
    {
      "artist": "Vince Staples",
      "album": "Big Fish Theory",
      "track": "Love Can Be..."
    },
    {
      "artist": "Anderson .Paak",
      "album": "Malibu",
      "track": "Silicon Valley"
    },
    {
      "artist": "Radiohead",
      "album": "OK Computer",
      "track": "Electioneering"
    },
    {
      "artist": "Totally Mild",
      "album": "Her",
      "track": "More"
    },
    {
      "artist": "Jack Johnson",
      "album": "In Between Dreams",
      "track": "Do You Remember"
    },
    {
      "artist": "Nilüfer Yanya",
      "album": "Miss Universe",
      "track": "Warning"
    },
    {
      "artist": "Janelle Monáe",
      "album": "Dirty Computer",
      "track": "Django Jane"
    },
    {
      "artist": "Led Zeppelin",
      "album": "Led Zeppelin",
      "track": "Black Mountain Side - 2014 Remaster"
    },
    {
      "artist": "BROCKHAMPTON",
      "album": "SATURATION",
      "track": "FAKE"
    },
    {
      "artist": "The Vryll Society",
      "album": "Course Of The Satellite",
      "track": "Shadow Of A Wave"
    },
    {
      "artist": "The Dave Brubeck Quartet",
      "album": "Time Out",
      "track": "Strange Meadow Lark"
    },
    {
      "artist": "Nilüfer Yanya",
      "album": "Miss Universe",
      "track": "WWAY HEALTH ™"
    },
    {
      "artist": "Soccer Mommy",
      "album": "Clean",
      "track": "Wildflowers"
    },
    {
      "artist": "Led Zeppelin",
      "album": "Led Zeppelin",
      "track": "You Shook Me - 2014 Remaster"
    },
    {
      "artist": "Pusha T",
      "album": "DAYTONA",
      "track": "If You Know You Know"
    },
    {
      "artist": "BROCKHAMPTON",
      "album": "SATURATION II",
      "track": "SWEET"
    },
    {
      "artist": "Kacey Musgraves",
      "album": "Golden Hour",
      "track": "Wonder Woman"
    },
    {
      "artist": "KIDS SEE GHOSTS",
      "album": "KIDS SEE GHOSTS",
      "track": "Feel The Love"
    },
    {
      "artist": "Tyler, The Creator",
      "album": "IGOR",
      "track": "IGOR'S THEME"
    },
    {
      "artist": "Jack Johnson",
      "album": "In Between Dreams",
      "track": "Situations"
    },
    {
      "artist": "The Brummies",
      "album": "Eternal Reach",
      "track": "Lovers Do"
    },
    {
      "artist": "The Brummies",
      "album": "Eternal Reach",
      "track": "Going Crazy"
    },
    {
      "artist": "Ezra Collective",
      "album": "Juan Pablo: The Philosopher",
      "track": "Space is the Place"
    },
    {
      "artist": "Janelle Monáe",
      "album": "Dirty Computer",
      "track": "Dirty Computer"
    },
    {
      "artist": "Saba",
      "album": "Bucket List Project",
      "track": "GPS"
    },
    {
      "artist": "Anderson .Paak",
      "album": "Malibu",
      "track": "Come Down"
    },
    {
      "artist": "Amen Dunes",
      "album": "Freedom",
      "track": "Believe"
    },
    {
      "artist": "Smino",
      "album": "blkswn",
      "track": "Edgar Allan Poe'd Up"
    },
    {
      "artist": "SZA",
      "album": "Ctrl",
      "track": "Anything"
    },
    {
      "artist": "Love",
      "album": "Forever Changes",
      "track": "Live And Let Live - 2015 Remastered Version"
    },
    {
      "artist": "Totally Mild",
      "album": "Her",
      "track": "Working Like a Crow"
    },
    {
      "artist": "Frank Ocean",
      "album": "Blonde",
      "track": "Solo (Reprise)"
    },
    {
      "artist": "KIDS SEE GHOSTS",
      "album": "KIDS SEE GHOSTS",
      "track": "Fire"
    },
    {
      "artist": "Helena Deland",
      "album": "Altogether Unaccompanied, Vol. III",
      "track": "A Stone is a Stone"
    },
    {
      "artist": "Barrie",
      "album": "Happy to Be Here",
      "track": "Darjeeling"
    },
    {
      "artist": "Nilüfer Yanya",
      "album": "Miss Universe",
      "track": "Angels"
    },
    {
      "artist": "BROCKHAMPTON",
      "album": "SATURATION III",
      "track": "ZIPPER"
    },
    {
      "artist": "Helena Deland",
      "album": "Altogether Unaccompanied, Vol. IV",
      "track": "Claudion"
    },
    {
      "artist": "Totally Mild",
      "album": "Her",
      "track": "From One Another"
    },
    {
      "artist": "Soccer Mommy",
      "album": "Clean",
      "track": "Scorpio Rising"
    },
    {
      "artist": "Smino",
      "album": "blkswn",
      "track": "Flea Flicka"
    },
    {
      "artist": "Anderson .Paak",
      "album": "Oxnard",
      "track": "Anywhere (feat. Snoop Dogg & The Last Artful, Dodgr)"
    },
    {
      "artist": "The Glitch Mob",
      "album": "Drink the Sea",
      "track": "Fistful Of Silence"
    },
    {
      "artist": "The Brummies",
      "album": "Eternal Reach",
      "track": "Norway"
    },
    {
      "artist": "Against All Logic",
      "album": "2012 - 2017",
      "track": "Know You"
    },
    {
      "artist": "Jacob Collier",
      "album": "In My Room",
      "track": "Don't You Know"
    },
    {
      "artist": "Superorganism",
      "album": "Superorganism",
      "track": "SPRORGNSM"
    },
    {
      "artist": "The Vryll Society",
      "album": "Course Of The Satellite",
      "track": "Andrei Rublev"
    },
    {
      "artist": "Nick Drake",
      "album": "Pink Moon",
      "track": "Place To Be"
    },
    {
      "artist": "Beck",
      "album": "Morning Phase",
      "track": "Heart Is A Drum"
    },
    {
      "artist": "Love",
      "album": "Forever Changes",
      "track": "Andmoreagain - 2015 Remastered Version"
    },
    {
      "artist": "Tyler, The Creator",
      "album": "IGOR",
      "track": "NEW MAGIC WAND"
    },
    {
      "artist": "Funkadelic",
      "album": "Maggot Brain",
      "track": "You and Your Folks, Me and My Folks"
    },
    {
      "artist": "Superorganism",
      "album": "Superorganism",
      "track": "Relax"
    },
    {
      "artist": "BROCKHAMPTON",
      "album": "SATURATION",
      "track": "BUMP"
    },
    {
      "artist": "Jack Johnson",
      "album": "In Between Dreams",
      "track": "Never Know"
    },
    {
      "artist": "Mitski",
      "album": "Be the Cowboy",
      "track": "A Pearl"
    },
    {
      "artist": "Anderson .Paak",
      "album": "Oxnard",
      "track": "Smile/Petty (feat. Sonyae Elise)"
    },
    {
      "artist": "Nilüfer Yanya",
      "album": "Miss Universe",
      "track": "Paradise"
    },
    {
      "artist": "Noname",
      "album": "Telefone",
      "track": "All I Need (feat. Xavier Omär)"
    },
    {
      "artist": "Saba",
      "album": "Bucket List Project",
      "track": "California"
    },
    {
      "artist": "BROCKHAMPTON",
      "album": "SATURATION",
      "track": "SWIM"
    },
    {
      "artist": "Amen Dunes",
      "album": "Freedom",
      "track": "Calling Paul The Suffering"
    },
    {
      "artist": "KIDS SEE GHOSTS",
      "album": "KIDS SEE GHOSTS",
      "track": "4th Dimension"
    },
    {
      "artist": "Frank Ocean",
      "album": "Blonde",
      "track": "Facebook Story"
    },
    {
      "artist": "Jacob Collier",
      "album": "In My Room",
      "track": "In The Real Early Morning"
    },
    {
      "artist": "BROCKHAMPTON",
      "album": "SATURATION III",
      "track": "JOHNNY"
    },
    {
      "artist": "J. Cole",
      "album": "4 Your Eyez Only",
      "track": "She's Mine Pt. 1"
    },
    {
      "artist": "Ezra Collective",
      "album": "Juan Pablo: The Philosopher",
      "track": "The Philosopher"
    },
    {
      "artist": "Noname",
      "album": "Room 25",
      "track": "Regal"
    },
    {
      "artist": "Saba",
      "album": "Bucket List Project",
      "track": "Symmetry"
    },
    {
      "artist": "BROCKHAMPTON",
      "album": "SATURATION III",
      "track": "CINEMA 2"
    },
    {
      "artist": "Tyler, The Creator",
      "album": "Flower Boy",
      "track": "I Ain't Got Time!"
    },
    {
      "artist": "Kevin Abstract",
      "album": "ARIZONA BABY",
      "track": "Use Me"
    },
    {
      "artist": "Nilüfer Yanya",
      "album": "Miss Universe",
      "track": "Heat Rises"
    },
    {
      "artist": "Frank Ocean",
      "album": "Blonde",
      "track": "Pretty Sweet"
    },
    {
      "artist": "Radiohead",
      "album": "OK Computer",
      "track": "No Surprises"
    },
    {
      "artist": "Nilüfer Yanya",
      "album": "Miss Universe",
      "track": "\"Sparkle\" GOD HELP ME"
    },
    {
      "artist": "Anderson .Paak",
      "album": "Malibu",
      "track": "Am I Wrong (feat. ScHoolboy Q)"
    },
    {
      "artist": "Noname",
      "album": "Room 25",
      "track": "Montego Bae"
    },
    {
      "artist": "Tyler, The Creator",
      "album": "Flower Boy",
      "track": "Who Dat Boy"
    },
    {
      "artist": "Noname",
      "album": "Telefone",
      "track": "Casket Pretty"
    },
    {
      "artist": "Jacob Collier",
      "album": "In My Room",
      "track": "In My Room"
    },
    {
      "artist": "Capital Cities",
      "album": "In A Tidal Wave Of Mystery",
      "track": "I Sold My Bed, But Not My Stereo"
    },
    {
      "artist": "Janelle Monáe",
      "album": "Dirty Computer",
      "track": "Crazy, Classic, Life"
    },
    {
      "artist": "Led Zeppelin",
      "album": "Led Zeppelin",
      "track": "Good Times Bad Times - Remaster"
    },
    {
      "artist": "Medasin",
      "album": "Irene",
      "track": "Home"
    },
    {
      "artist": "BROCKHAMPTON",
      "album": "SATURATION II",
      "track": "QUEER"
    },
    {
      "artist": "BROCKHAMPTON",
      "album": "SATURATION II",
      "track": "SWAMP"
    },
    {
      "artist": "BROCKHAMPTON",
      "album": "SATURATION III",
      "track": "ALASKA"
    },
    {
      "artist": "KIDS SEE GHOSTS",
      "album": "KIDS SEE GHOSTS",
      "track": "Freeee (Ghost Town Pt. 2)"
    },
    {
      "artist": "Anderson .Paak",
      "album": "Oxnard",
      "track": "6 Summers"
    },
    {
      "artist": "Saba",
      "album": "CARE FOR ME",
      "track": "FIGHTER"
    },
    {
      "artist": "Soccer Mommy",
      "album": "Clean",
      "track": "Blossom (Wasting All My Time)"
    },
    {
      "artist": "BROCKHAMPTON",
      "album": "SATURATION",
      "track": "BANK"
    },
    {
      "artist": "J. Cole",
      "album": "4 Your Eyez Only",
      "track": "Deja Vu"
    },
    {
      "artist": "Frank Ocean",
      "album": "channel ORANGE",
      "track": "Sweet Life"
    },
    {
      "artist": "Nick Drake",
      "album": "Pink Moon",
      "track": "Things Behind The Sun"
    },
    {
      "artist": "BROCKHAMPTON",
      "album": "SATURATION II",
      "track": "TOKYO"
    },
    {
      "artist": "The O'My's",
      "album": "Tomorrow",
      "track": "Niña Fresa"
    },
    {
      "artist": "Tyler, The Creator",
      "album": "Flower Boy",
      "track": "Enjoy Right Now, Today"
    },
    {
      "artist": "SZA",
      "album": "Ctrl",
      "track": "Normal Girl"
    },
    {
      "artist": "Barrie",
      "album": "Happy to Be Here",
      "track": "Habits"
    },
    {
      "artist": "Frank Ocean",
      "album": "Blonde",
      "track": "Seigfried"
    },
    {
      "artist": "Lee Fields & The Expressions",
      "album": "Emma Jean",
      "track": "Eye to Eye"
    },
    {
      "artist": "Against All Logic",
      "album": "2012 - 2017",
      "track": "Some Kind of Game"
    },
    {
      "artist": "BROCKHAMPTON",
      "album": "SATURATION",
      "track": "GOLD"
    },
    {
      "artist": "Kevin Abstract",
      "album": "ARIZONA BABY",
      "track": "Big Wheels"
    },
    {
      "artist": "Radiohead",
      "album": "OK Computer",
      "track": "Subterranean Homesick Alien"
    },
    {
      "artist": "Lee Fields & The Expressions",
      "album": "Emma Jean",
      "track": "All I Need"
    },
    {
      "artist": "Sufjan Stevens",
      "album": "Carrie & Lowell",
      "track": "Blue Bucket of Gold"
    },
    {
      "artist": "Frank Ocean",
      "album": "Blonde",
      "track": "Pink + White"
    },
    {
      "artist": "Led Zeppelin",
      "album": "Led Zeppelin",
      "track": "I Can't Quit You Baby - 2014 Remaster"
    },
    {
      "artist": "BROCKHAMPTON",
      "album": "SATURATION II",
      "track": "FIGHT"
    },
    {
      "artist": "Frank Ocean",
      "album": "Blonde",
      "track": "Self Control"
    },
    {
      "artist": "Saba",
      "album": "CARE FOR ME",
      "track": "LIFE"
    },
    {
      "artist": "Kacey Musgraves",
      "album": "Golden Hour",
      "track": "Lonely Weekend"
    },
    {
      "artist": "Miracle Musical",
      "album": "Hawaii: Part II",
      "track": "Dream Sweet in Sea Major"
    },
    {
      "artist": "Sufjan Stevens",
      "album": "Carrie & Lowell",
      "track": "Death with Dignity"
    },
    {
      "artist": "Janelle Monáe",
      "album": "Dirty Computer",
      "track": "I Got the Juice"
    },
    {
      "artist": "Beck",
      "album": "Morning Phase",
      "track": "Morning"
    },
    {
      "artist": "Love",
      "album": "Forever Changes",
      "track": "Alone Again Or - 2015 Remastered Version"
    },
    {
      "artist": "Anderson .Paak",
      "album": "Malibu",
      "track": "Without You (feat. Rapsody)"
    },
    {
      "artist": "Soccer Mommy",
      "album": "Clean",
      "track": "Still Clean"
    },
    {
      "artist": "Mitski",
      "album": "Be the Cowboy",
      "track": "A Horse Named Cold Air"
    },
    {
      "artist": "KIDS SEE GHOSTS",
      "album": "KIDS SEE GHOSTS",
      "track": "Cudi Montage"
    },
    {
      "artist": "BROCKHAMPTON",
      "album": "SATURATION III",
      "track": "STUPID"
    },
    {
      "artist": "Totally Mild",
      "album": "Her",
      "track": "Underwater"
    },
    {
      "artist": "Jack Johnson",
      "album": "In Between Dreams",
      "track": "Staple It Together"
    },
    {
      "artist": "J. Cole",
      "album": "4 Your Eyez Only",
      "track": "Neighbors"
    },
    {
      "artist": "Helena Deland",
      "album": "Drawing Room",
      "track": "Baby"
    },
    {
      "artist": "Saba",
      "album": "CARE FOR ME",
      "track": "GREY"
    },
    {
      "artist": "Beck",
      "album": "Morning Phase",
      "track": "Phase"
    },
    {
      "artist": "Amen Dunes",
      "album": "Freedom",
      "track": "Saturdarah"
    },
    {
      "artist": "Ezra Collective",
      "album": "Juan Pablo: The Philosopher",
      "track": "Dylan's Dilemma"
    },
    {
      "artist": "Superorganism",
      "album": "Superorganism",
      "track": "Nai’s March"
    },
    {
      "artist": "Tyler, The Creator",
      "album": "IGOR",
      "track": "EXACTLY WHAT YOU RUN FROM YOU END UP CHASING"
    },
    {
      "artist": "BROCKHAMPTON",
      "album": "SATURATION II",
      "track": "CHICK"
    },
    {
      "artist": "Sufjan Stevens",
      "album": "Carrie & Lowell",
      "track": "Eugene"
    },
    {
      "artist": "Anderson .Paak",
      "album": "Malibu",
      "track": "Your Prime"
    },
    {
      "artist": "Capital Cities",
      "album": "In A Tidal Wave Of Mystery",
      "track": "Lazy Lies - CliffLight Remix"
    },
    {
      "artist": "Anderson .Paak",
      "album": "Malibu",
      "track": "Water Fall (Interluuube)"
    },
    {
      "artist": "SZA",
      "album": "Ctrl",
      "track": "20 Something"
    },
    {
      "artist": "Nick Drake",
      "album": "Pink Moon",
      "track": "Horn"
    },
    {
      "artist": "Love",
      "album": "Forever Changes",
      "track": "Maybe The People Would Be The Times Or Between Clark And Hilldale - 2015 Remastered Version"
    },
    {
      "artist": "Superorganism",
      "album": "Superorganism",
      "track": "Something For Your M.I.N.D."
    },
    {
      "artist": "The Brummies",
      "album": "Eternal Reach",
      "track": "Somebody New"
    },
    {
      "artist": "The Brummies",
      "album": "Eternal Reach",
      "track": "Songbird"
    },
    {
      "artist": "Kacey Musgraves",
      "album": "Golden Hour",
      "track": "High Horse"
    },
    {
      "artist": "The Front Bottoms",
      "album": "Going Grey",
      "track": "Far Drive"
    },
    {
      "artist": "Love",
      "album": "Forever Changes",
      "track": "The Good Humor Man He Sees Everything Like This - 2015 Remastered Version"
    },
    {
      "artist": "Moses Sumney",
      "album": "Aromanticism",
      "track": "Plastic"
    },
    {
      "artist": "BROCKHAMPTON",
      "album": "SATURATION II",
      "track": "JESUS"
    },
    {
      "artist": "Anderson .Paak",
      "album": "Oxnard",
      "track": "Tints (feat. Kendrick Lamar)"
    },
    {
      "artist": "Kevin Abstract",
      "album": "ARIZONA BABY",
      "track": "Mississippi"
    },
    {
      "artist": "Nilüfer Yanya",
      "album": "Miss Universe",
      "track": "Experience?"
    },
    {
      "artist": "Smino",
      "album": "blkswn",
      "track": "Ricky Millions"
    },
    {
      "artist": "Janelle Monáe",
      "album": "Dirty Computer",
      "track": "Don't Judge Me"
    },
    {
      "artist": "Amen Dunes",
      "album": "Freedom",
      "track": "Intro"
    },
    {
      "artist": "Anderson .Paak",
      "album": "Oxnard",
      "track": "Saviers Road"
    },
    {
      "artist": "Jack Johnson",
      "album": "In Between Dreams",
      "track": "Sitting, Waiting, Wishing"
    },
    {
      "artist": "Barrie",
      "album": "Happy to Be Here",
      "track": "Casino Run"
    },
    {
      "artist": "Frank Ocean",
      "album": "channel ORANGE",
      "track": "Sierra Leone"
    },
    {
      "artist": "Amen Dunes",
      "album": "Freedom",
      "track": "Time"
    },
    {
      "artist": "Kevin Abstract",
      "album": "ARIZONA BABY",
      "track": "Boyer"
    },
    {
      "artist": "BROCKHAMPTON",
      "album": "SATURATION",
      "track": "WASTE"
    },
    {
      "artist": "Saba",
      "album": "Bucket List Project",
      "track": "The Billy Williams Story"
    },
    {
      "artist": "Superorganism",
      "album": "Superorganism",
      "track": "It’s All Good"
    },
    {
      "artist": "Kevin Abstract",
      "album": "ARIZONA BABY",
      "track": "Corpus Christi"
    },
    {
      "artist": "Soccer Mommy",
      "album": "Clean",
      "track": "Skin"
    },
    {
      "artist": "The Front Bottoms",
      "album": "Going Grey",
      "track": "You Used To Say (Holy Fuck)"
    },
    {
      "artist": "SZA",
      "album": "Ctrl",
      "track": "Drew Barrymore"
    },
    {
      "artist": "The Dave Brubeck Quartet",
      "album": "Time Out",
      "track": "Pick up Sticks"
    },
    {
      "artist": "Vince Staples",
      "album": "Big Fish Theory",
      "track": "Ramona Park Is Yankee Stadium"
    },
    {
      "artist": "Unknown Mortal Orchestra",
      "album": "Sex & Food",
      "track": "Hunnybee"
    },
    {
      "artist": "Smino",
      "album": "blkswn",
      "track": "Amphetamine"
    },
    {
      "artist": "Capital Cities",
      "album": "In A Tidal Wave Of Mystery",
      "track": "Center Stage"
    },
    {
      "artist": "Vince Staples",
      "album": "Big Fish Theory",
      "track": "Party People"
    },
    {
      "artist": "BROCKHAMPTON",
      "album": "SATURATION III",
      "track": "TEAM"
    },
    {
      "artist": "Sufjan Stevens",
      "album": "Carrie & Lowell",
      "track": "Fourth of July"
    },
    {
      "artist": "Janelle Monáe",
      "album": "Dirty Computer",
      "track": "Americans"
    },
    {
      "artist": "Frank Ocean",
      "album": "channel ORANGE",
      "track": "Fertilizer"
    },
    {
      "artist": "Frank Ocean",
      "album": "channel ORANGE",
      "track": "Thinkin Bout You"
    },
    {
      "artist": "Ahmad Jamal",
      "album": "Crystal",
      "track": "Swahililand"
    },
    {
      "artist": "Frank Ocean",
      "album": "Blonde",
      "track": "Skyline To"
    },
    {
      "artist": "Mitski",
      "album": "Be the Cowboy",
      "track": "Me and My Husband"
    },
    {
      "artist": "Love",
      "album": "Forever Changes",
      "track": "Old Man - 2015 Remastered Version"
    },
    {
      "artist": "Noname",
      "album": "Room 25",
      "track": "Prayer Song"
    },
    {
      "artist": "Funkadelic",
      "album": "Maggot Brain",
      "track": "Super Stupid"
    },
    {
      "artist": "Vince Staples",
      "album": "Big Fish Theory",
      "track": "SAMO"
    },
    {
      "artist": "Helena Deland",
      "album": "Drawing Room",
      "track": "Drawing Room"
    },
    {
      "artist": "Moses Sumney",
      "album": "Aromanticism",
      "track": "Indulge Me"
    },
    {
      "artist": "The Brummies",
      "album": "Eternal Reach",
      "track": "What Do You Think"
    },
    {
      "artist": "The Vryll Society",
      "album": "Course Of The Satellite",
      "track": "Soft Glue"
    },
    {
      "artist": "The Vryll Society",
      "album": "Course Of The Satellite",
      "track": "Give In To Me"
    },
    {
      "artist": "Ezra Collective",
      "album": "Juan Pablo: The Philosopher",
      "track": "Juan Pablo"
    },
    {
      "artist": "Anderson .Paak",
      "album": "Malibu",
      "track": "The Dreamer (feat. Talib Kweli & Timan Family Choir)"
    },
    {
      "artist": "Janelle Monáe",
      "album": "Dirty Computer",
      "track": "I Like That"
    },
    {
      "artist": "Funkadelic",
      "album": "Maggot Brain",
      "track": "Wars of Armageddon"
    },
    {
      "artist": "Nilüfer Yanya",
      "album": "Miss Universe",
      "track": "The Unordained"
    },
    {
      "artist": "Noname",
      "album": "Room 25",
      "track": "Self"
    },
    {
      "artist": "Jack Johnson",
      "album": "In Between Dreams",
      "track": "If I Could"
    },
    {
      "artist": "Anderson .Paak",
      "album": "Malibu",
      "track": "The Bird"
    },
    {
      "artist": "Smino",
      "album": "blkswn",
      "track": "Glass Flows"
    },
    {
      "artist": "KIDS SEE GHOSTS",
      "album": "KIDS SEE GHOSTS",
      "track": "Reborn"
    },
    {
      "artist": "Kacey Musgraves",
      "album": "Golden Hour",
      "track": "Happy & Sad"
    },
    {
      "artist": "The Glitch Mob",
      "album": "Drink the Sea",
      "track": "Drive It Like You Stole It"
    },
    {
      "artist": "Noname",
      "album": "Telefone",
      "track": "Shadow Man (feat. Phoelix, Smino & Saba)"
    },
    {
      "artist": "The Dave Brubeck Quartet",
      "album": "Time Out",
      "track": "Three to Get Ready"
    },
    {
      "artist": "The Front Bottoms",
      "album": "Going Grey",
      "track": "Grand Finale"
    },
    {
      "artist": "The Front Bottoms",
      "album": "Going Grey",
      "track": "Ocean"
    },
    {
      "artist": "Totally Mild",
      "album": "Her",
      "track": "Lucky Stars"
    },
    {
      "artist": "Ezra Collective",
      "album": "Juan Pablo: The Philosopher",
      "track": "People in Trouble"
    },
    {
      "artist": "Moses Sumney",
      "album": "Aromanticism",
      "track": "Don't Bother Calling"
    },
    {
      "artist": "Tyler, The Creator",
      "album": "IGOR",
      "track": "GONE, GONE / THANK YOU"
    },
    {
      "artist": "Frank Ocean",
      "album": "channel ORANGE",
      "track": "Bad Religion"
    },
    {
      "artist": "Jacob Collier",
      "album": "In My Room",
      "track": "You And I"
    },
    {
      "artist": "Anderson .Paak",
      "album": "Malibu",
      "track": "Put Me Thru"
    },
    {
      "artist": "Nick Drake",
      "album": "Pink Moon",
      "track": "Parasite"
    },
    {
      "artist": "Kevin Abstract",
      "album": "ARIZONA BABY",
      "track": "American Problem"
    },
    {
      "artist": "Radiohead",
      "album": "OK Computer",
      "track": "Paranoid Android"
    },
    {
      "artist": "Tyler, The Creator",
      "album": "IGOR",
      "track": "RUNNING OUT OF TIME"
    },
    {
      "artist": "Kacey Musgraves",
      "album": "Golden Hour",
      "track": "Oh, What A World"
    },
    {
      "artist": "Totally Mild",
      "album": "Her",
      "track": "Today Tonight"
    },
    {
      "artist": "BROCKHAMPTON",
      "album": "SATURATION II",
      "track": "JUNKY"
    },
    {
      "artist": "Vince Staples",
      "album": "Big Fish Theory",
      "track": "Homage"
    },
    {
      "artist": "J. Cole",
      "album": "4 Your Eyez Only",
      "track": "Ville Mentality"
    },
    {
      "artist": "Amen Dunes",
      "album": "Freedom",
      "track": "L.A."
    },
    {
      "artist": "SZA",
      "album": "Ctrl",
      "track": "The Weekend"
    },
    {
      "artist": "Capital Cities",
      "album": "In A Tidal Wave Of Mystery",
      "track": "Safe And Sound - Dzeko And Torres’ Digital Dreamin Remix"
    },
    {
      "artist": "Superorganism",
      "album": "Superorganism",
      "track": "The Prawn Song"
    },
    {
      "artist": "Nilüfer Yanya",
      "album": "Miss Universe",
      "track": "In Your Head"
    },
    {
      "artist": "Radiohead",
      "album": "OK Computer",
      "track": "Let Down"
    },
    {
      "artist": "The Vryll Society",
      "album": "Course Of The Satellite",
      "track": "Light At The Edge Of The World"
    },
    {
      "artist": "The Brummies",
      "album": "Eternal Reach",
      "track": "Another Me"
    },
    {
      "artist": "Sufjan Stevens",
      "album": "Carrie & Lowell",
      "track": "Carrie & Lowell"
    },
    {
      "artist": "Kevin Abstract",
      "album": "ARIZONA BABY",
      "track": "Baby Boy"
    },
    {
      "artist": "The Front Bottoms",
      "album": "Going Grey",
      "track": "Trampoline"
    },
    {
      "artist": "J. Cole",
      "album": "4 Your Eyez Only",
      "track": "Foldin Clothes"
    },
    {
      "artist": "BROCKHAMPTON",
      "album": "SATURATION",
      "track": "STAR"
    },
    {
      "artist": "Capital Cities",
      "album": "In A Tidal Wave Of Mystery",
      "track": "Patience Gets Us Nowhere Fast - Napoleon Remix"
    },
    {
      "artist": "Kacey Musgraves",
      "album": "Golden Hour",
      "track": "Velvet Elvis"
    },
    {
      "artist": "Beck",
      "album": "Morning Phase",
      "track": "Wave"
    },
    {
      "artist": "The Glitch Mob",
      "album": "Drink the Sea",
      "track": "Starve The Ego, Feed The Soul"
    },
    {
      "artist": "Pusha T",
      "album": "DAYTONA",
      "track": "Infrared"
    },
    {
      "artist": "SZA",
      "album": "Ctrl",
      "track": "Prom"
    },
    {
      "artist": "Radiohead",
      "album": "OK Computer",
      "track": "The Tourist"
    },
    {
      "artist": "Anderson .Paak",
      "album": "Oxnard",
      "track": "The Chase (feat. Kadhja Bonet)"
    },
    {
      "artist": "BROCKHAMPTON",
      "album": "SATURATION",
      "track": "MILK"
    },
    {
      "artist": "The Vryll Society",
      "album": "Course Of The Satellite",
      "track": "Inner Life"
    },
    {
      "artist": "Anderson .Paak",
      "album": "Oxnard",
      "track": "Who R U?"
    },
    {
      "artist": "Smino",
      "album": "blkswn",
      "track": "Maraca"
    },
    {
      "artist": "Saba",
      "album": "CARE FOR ME",
      "track": "BUSY / SIRENS"
    },
    {
      "artist": "The Dave Brubeck Quartet",
      "album": "Time Out",
      "track": "Blue Rondo à la Turk"
    },
    {
      "artist": "Frank Ocean",
      "album": "channel ORANGE",
      "track": "Super Rich Kids"
    },
    {
      "artist": "Tyler, The Creator",
      "album": "IGOR",
      "track": "A BOY IS A GUN*"
    },
    {
      "artist": "BROCKHAMPTON",
      "album": "SATURATION",
      "track": "FACE"
    },
    {
      "artist": "Tyler, The Creator",
      "album": "Flower Boy",
      "track": "Glitter"
    },
    {
      "artist": "Saba",
      "album": "Bucket List Project",
      "track": "Stoney"
    },
    {
      "artist": "Vince Staples",
      "album": "Big Fish Theory",
      "track": "Crabs In A Bucket"
    },
    {
      "artist": "Frank Ocean",
      "album": "channel ORANGE",
      "track": "White"
    },
    {
      "artist": "Lee Fields & The Expressions",
      "album": "Emma Jean",
      "track": "Don't Leave Me This Way"
    },
    {
      "artist": "Lee Fields & The Expressions",
      "album": "Emma Jean",
      "track": "Just Can't Win"
    },
    {
      "artist": "Saba",
      "album": "Bucket List Project",
      "track": "In Loving Memory"
    },
    {
      "artist": "Soccer Mommy",
      "album": "Clean",
      "track": "Flaw"
    },
    {
      "artist": "J. Cole",
      "album": "4 Your Eyez Only",
      "track": "Immortal"
    },
    {
      "artist": "Against All Logic",
      "album": "2012 - 2017",
      "track": "I Never Dream"
    },
    {
      "artist": "Capital Cities",
      "album": "In A Tidal Wave Of Mystery",
      "track": "Chasing You"
    },
    {
      "artist": "BROCKHAMPTON",
      "album": "SATURATION III",
      "track": "BLEACH"
    },
    {
      "artist": "Radiohead",
      "album": "OK Computer",
      "track": "Climbing Up the Walls"
    },
    {
      "artist": "Moses Sumney",
      "album": "Aromanticism",
      "track": "Stoicism"
    },
    {
      "artist": "Vince Staples",
      "album": "Big Fish Theory",
      "track": "Alyssa Interlude"
    },
    {
      "artist": "BROCKHAMPTON",
      "album": "SATURATION II",
      "track": "JELLO"
    },
    {
      "artist": "Smino",
      "album": "blkswn",
      "track": "Lobby Kall"
    },
    {
      "artist": "Funkadelic",
      "album": "Maggot Brain",
      "track": "Whole Lot of BS - 1972 Version"
    },
    {
      "artist": "Pusha T",
      "album": "DAYTONA",
      "track": "Come Back Baby"
    },
    {
      "artist": "SZA",
      "album": "Ctrl",
      "track": "Wavy (Interlude) (feat. James Fauntleroy)"
    },
    {
      "artist": "Nilüfer Yanya",
      "album": "Miss Universe",
      "track": "Safety Net"
    },
    {
      "artist": "Saba",
      "album": "CARE FOR ME",
      "track": "BROKEN GIRLS"
    },
    {
      "artist": "Mitski",
      "album": "Be the Cowboy",
      "track": "Two Slow Dancers"
    },
    {
      "artist": "Tyler, The Creator",
      "album": "IGOR",
      "track": "I THINK"
    },
    {
      "artist": "Against All Logic",
      "album": "2012 - 2017",
      "track": "You Are Going to Love Me and Scream"
    },
    {
      "artist": "BROCKHAMPTON",
      "album": "SATURATION III",
      "track": "SISTER/NATION"
    },
    {
      "artist": "The Dave Brubeck Quartet",
      "album": "Time Out",
      "track": "Kathy's Waltz"
    },
    {
      "artist": "Amen Dunes",
      "album": "Freedom",
      "track": "Dracula"
    },
    {
      "artist": "Frank Ocean",
      "album": "channel ORANGE",
      "track": "Pilot Jones"
    },
    {
      "artist": "Mitski",
      "album": "Be the Cowboy",
      "track": "Blue Light"
    },
    {
      "artist": "Tyler, The Creator",
      "album": "Flower Boy",
      "track": "911 / Mr. Lonely"
    },
    {
      "artist": "The Glitch Mob",
      "album": "Drink the Sea",
      "track": "A Dream Within A Dream"
    },
    {
      "artist": "JPEGMAFIA",
      "album": "Veteran",
      "track": "Thug Tears"
    },
    {
      "artist": "Anderson .Paak",
      "album": "Oxnard",
      "track": "Trippy (feat. J. Cole)"
    },
    {
      "artist": "Beck",
      "album": "Morning Phase",
      "track": "Say Goodbye"
    },
    {
      "artist": "Led Zeppelin",
      "album": "Led Zeppelin",
      "track": "Dazed and Confused - 2014 Remaster"
    },
    {
      "artist": "Superorganism",
      "album": "Superorganism",
      "track": "Nobody Cares"
    },
    {
      "artist": "The Brummies",
      "album": "Eternal Reach",
      "track": "Drive Away"
    },
    {
      "artist": "Helena Deland",
      "album": "Altogether Unaccompanied, Vol. II",
      "track": "Take It All"
    },
    {
      "artist": "Barrie",
      "album": "Happy to Be Here",
      "track": "Teenager"
    },
    {
      "artist": "BROCKHAMPTON",
      "album": "SATURATION",
      "track": "HEAT"
    },
    {
      "artist": "Frank Ocean",
      "album": "channel ORANGE",
      "track": "Lost"
    },
    {
      "artist": "Moses Sumney",
      "album": "Aromanticism",
      "track": "The Cocoon-Eyed Baby"
    },
    {
      "artist": "J. Cole",
      "album": "4 Your Eyez Only",
      "track": "Change"
    },
    {
      "artist": "Saba",
      "album": "CARE FOR ME",
      "track": "SMILE"
    },
    {
      "artist": "Sufjan Stevens",
      "album": "Carrie & Lowell",
      "track": "Should Have Known Better"
    },
    {
      "artist": "Frank Ocean",
      "album": "Blonde",
      "track": "Nights"
    },
    {
      "artist": "Jack Johnson",
      "album": "In Between Dreams",
      "track": "Better Together"
    },
    {
      "artist": "Nilüfer Yanya",
      "album": "Miss Universe",
      "track": "Melt"
    },
    {
      "artist": "Funkadelic",
      "album": "Maggot Brain",
      "track": "Can You Get To That"
    },
    {
      "artist": "Beck",
      "album": "Morning Phase",
      "track": "Blackbird Chain"
    },
    {
      "artist": "BROCKHAMPTON",
      "album": "SATURATION",
      "track": "SKIT 2"
    },
    {
      "artist": "Nilüfer Yanya",
      "album": "Miss Universe",
      "track": "Paralysed"
    },
    {
      "artist": "Pusha T",
      "album": "DAYTONA",
      "track": "The Games We Play"
    },
    {
      "artist": "Frank Ocean",
      "album": "Blonde",
      "track": "Nikes"
    },
    {
      "artist": "Vince Staples",
      "album": "Big Fish Theory",
      "track": "745"
    },
    {
      "artist": "Beck",
      "album": "Morning Phase",
      "track": "Blue Moon"
    },
    {
      "artist": "Janelle Monáe",
      "album": "Dirty Computer",
      "track": "Jane's Dream"
    },
    {
      "artist": "Nilüfer Yanya",
      "album": "Miss Universe",
      "track": "Baby Blu"
    },
    {
      "artist": "Frank Ocean",
      "album": "channel ORANGE",
      "track": "Start"
    },
    {
      "artist": "Noname",
      "album": "Room 25",
      "track": "With You"
    },
    {
      "artist": "The Front Bottoms",
      "album": "Going Grey",
      "track": "Raining"
    },
    {
      "artist": "Noname",
      "album": "Room 25",
      "track": "Don't Forget About Me"
    },
    {
      "artist": "J. Cole",
      "album": "4 Your Eyez Only",
      "track": "For Whom The Bell Tolls"
    },
    {
      "artist": "Kevin Abstract",
      "album": "ARIZONA BABY",
      "track": "Georgia"
    },
    {
      "artist": "Tyler, The Creator",
      "album": "IGOR",
      "track": "ARE WE STILL FRIENDS?"
    },
    {
      "artist": "Frank Ocean",
      "album": "Blonde",
      "track": "Close To You"
    },
    {
      "artist": "Mitski",
      "album": "Be the Cowboy",
      "track": "Remember My Name"
    },
    {
      "artist": "Totally Mild",
      "album": "Her",
      "track": "Take Today"
    },
    {
      "artist": "Helena Deland",
      "album": "Altogether Unaccompanied, Vol. I",
      "track": "There Are a Thousand"
    },
    {
      "artist": "Frank Ocean",
      "album": "channel ORANGE",
      "track": "Forrest Gump"
    },
    {
      "artist": "The Brummies",
      "album": "Eternal Reach",
      "track": "Do It Tomorrow"
    },
    {
      "artist": "Helena Deland",
      "album": "Altogether Unaccompanied, Vol. II",
      "track": "Body Language"
    },
    {
      "artist": "The Glitch Mob",
      "album": "Drink the Sea",
      "track": "We Swarm"
    },
    {
      "artist": "Radiohead",
      "album": "OK Computer",
      "track": "Exit Music (For a Film)"
    },
    {
      "artist": "Barrie",
      "album": "Happy to Be Here",
      "track": "Saturated"
    },
    {
      "artist": "Saba",
      "album": "Bucket List Project",
      "track": "Westside Bound 3"
    },
    {
      "artist": "Against All Logic",
      "album": "2012 - 2017",
      "track": "Cityfade"
    },
    {
      "artist": "The Front Bottoms",
      "album": "Going Grey",
      "track": "Don't Fill Up On Chips"
    },
    {
      "artist": "Jacob Collier",
      "album": "In My Room",
      "track": "Flintstones"
    },
    {
      "artist": "Lee Fields & The Expressions",
      "album": "Emma Jean",
      "track": "Talk to Somebody"
    },
    {
      "artist": "The Brummies",
      "album": "Eternal Reach",
      "track": "Takes Some Time"
    },
    {
      "artist": "Beck",
      "album": "Morning Phase",
      "track": "Turn Away"
    },
    {
      "artist": "Helena Deland",
      "album": "Drawing Room",
      "track": "Aix"
    },
    {
      "artist": "J. Cole",
      "album": "4 Your Eyez Only",
      "track": "She's Mine Pt. 2"
    },
    {
      "artist": "The Dave Brubeck Quartet",
      "album": "Time Out",
      "track": "Everybody's Jumpin'"
    },
    {
      "artist": "Anderson .Paak",
      "album": "Malibu",
      "track": "Celebrate"
    },
    {
      "artist": "BROCKHAMPTON",
      "album": "SATURATION II",
      "track": "GAMBA"
    },
    {
      "artist": "Superorganism",
      "album": "Superorganism",
      "track": "Everybody Wants To Be Famous"
    },
    {
      "artist": "Funkadelic",
      "album": "Maggot Brain",
      "track": "I Miss My Baby - 1972 Version"
    },
    {
      "artist": "Helena Deland",
      "album": "Altogether Unaccompanied, Vol. III",
      "track": "Two Queries"
    },
    {
      "artist": "Anderson .Paak",
      "album": "Malibu",
      "track": "The Season | Carry Me"
    },
    {
      "artist": "Smino",
      "album": "blkswn",
      "track": "Wild Irish Roses"
    },
    {
      "artist": "Anderson .Paak",
      "album": "Malibu",
      "track": "Room in Here (feat. The Game & Sonyae Elise)"
    },
    {
      "artist": "Against All Logic",
      "album": "2012 - 2017",
      "track": "Hopeless"
    },
    {
      "artist": "Vince Staples",
      "album": "Big Fish Theory",
      "track": "BagBak"
    },
    {
      "artist": "Sufjan Stevens",
      "album": "Carrie & Lowell",
      "track": "The Only Thing"
    },
    {
      "artist": "Frank Ocean",
      "album": "channel ORANGE",
      "track": "End"
    },
    {
      "artist": "Saba",
      "album": "Bucket List Project",
      "track": "Photosynthesis"
    },
    {
      "artist": "Sufjan Stevens",
      "album": "Carrie & Lowell",
      "track": "All of Me Wants All of You"
    },
    {
      "artist": "Saba",
      "album": "Bucket List Project",
      "track": "American Hypnosis"
    },
    {
      "artist": "Amen Dunes",
      "album": "Freedom",
      "track": "Blue Rose"
    },
    {
      "artist": "Funkadelic",
      "album": "Maggot Brain",
      "track": "Hit It and Quit It"
    },
    {
      "artist": "Nick Drake",
      "album": "Pink Moon",
      "track": "From The Morning"
    },
    {
      "artist": "Anderson .Paak",
      "album": "Oxnard",
      "track": "Mansa Musa (feat. Dr. Dre & Cocoa Sarai)"
    },
    {
      "artist": "Anderson .Paak",
      "album": "Malibu",
      "track": "The Waters (feat. BJ the Chicago Kid)"
    },
    {
      "artist": "BROCKHAMPTON",
      "album": "SATURATION II",
      "track": "SCENE"
    },
    {
      "artist": "The Dave Brubeck Quartet",
      "album": "Time Out",
      "track": "Take Five"
    },
    {
      "artist": "Frank Ocean",
      "album": "Blonde",
      "track": "Solo"
    },
    {
      "artist": "SZA",
      "album": "Ctrl",
      "track": "Supermodel"
    },
    {
      "artist": "Nick Drake",
      "album": "Pink Moon",
      "track": "Harvest Breed"
    },
    {
      "artist": "Janelle Monáe",
      "album": "Dirty Computer",
      "track": "Screwed"
    },
    {
      "artist": "Smino",
      "album": "blkswn",
      "track": "Long Run"
    },
    {
      "artist": "The Front Bottoms",
      "album": "Going Grey",
      "track": "Bae"
    },
    {
      "artist": "The Front Bottoms",
      "album": "Going Grey",
      "track": "Everyone But You"
    },
    {
      "artist": "The Glitch Mob",
      "album": "Drink the Sea",
      "track": "Bad Wings"
    },
    {
      "artist": "Lee Fields & The Expressions",
      "album": "Emma Jean",
      "track": "Paralyzed"
    },
    {
      "artist": "Jack Johnson",
      "album": "In Between Dreams",
      "track": "Belle"
    },
    {
      "artist": "Moses Sumney",
      "album": "Aromanticism",
      "track": "Lonely World"
    },
    {
      "artist": "Capital Cities",
      "album": "In A Tidal Wave Of Mystery",
      "track": "Love Away"
    },
    {
      "artist": "Ezra Collective",
      "album": "Juan Pablo: The Philosopher",
      "track": "Intro"
    },
    {
      "artist": "Love",
      "album": "Forever Changes",
      "track": "You Set The Scene - 2015 Remastered Version"
    },
    {
      "artist": "Anderson .Paak",
      "album": "Malibu",
      "track": "Heart Don't Stand a Chance"
    },
    {
      "artist": "Funkadelic",
      "album": "Maggot Brain",
      "track": "Maggot Brain"
    },
    {
      "artist": "BROCKHAMPTON",
      "album": "SATURATION II",
      "track": "TEETH"
    },
    {
      "artist": "Mitski",
      "album": "Be the Cowboy",
      "track": "Pink in the Night"
    },
    {
      "artist": "Frank Ocean",
      "album": "Blonde",
      "track": "Be Yourself"
    },
    {
      "artist": "Barrie",
      "album": "Happy to Be Here",
      "track": "Clovers"
    },
    {
      "artist": "The Brummies",
      "album": "Eternal Reach",
      "track": "Set You Free"
    },
    {
      "artist": "Smino",
      "album": "blkswn",
      "track": "Silk Pillows"
    },
    {
      "artist": "Frank Ocean",
      "album": "channel ORANGE",
      "track": "Monks"
    },
    {
      "artist": "SZA",
      "album": "Ctrl",
      "track": "Love Galore (feat. Travis Scott)"
    },
    {
      "artist": "Nilüfer Yanya",
      "album": "Miss Universe",
      "track": "Heavyweight Champion Of The Year"
    },
    {
      "artist": "Soccer Mommy",
      "album": "Clean",
      "track": "Last Girl"
    },
    {
      "artist": "Love",
      "album": "Forever Changes",
      "track": "The Red Telephone - 2015 Remastered Version"
    },
    {
      "artist": "Moses Sumney",
      "album": "Aromanticism",
      "track": "Man on the Moon (Reprise)"
    },
    {
      "artist": "Vince Staples",
      "album": "Big Fish Theory",
      "track": "Big Fish"
    },
    {
      "artist": "Tyler, The Creator",
      "album": "IGOR",
      "track": "PUPPET"
    },
    {
      "artist": "Frank Ocean",
      "album": "Blonde",
      "track": "Ivy"
    },
    {
      "artist": "Tyler, The Creator",
      "album": "Flower Boy",
      "track": "Where This Flower Blooms"
    },
    {
      "artist": "Sufjan Stevens",
      "album": "Carrie & Lowell",
      "track": "John My Beloved"
    },
    {
      "artist": "Smino",
      "album": "blkswn",
      "track": "Father Son Holy Smoke"
    },
    {
      "artist": "Superorganism",
      "album": "Superorganism",
      "track": "Reflections On The Screen"
    },
    {
      "artist": "Love",
      "album": "Forever Changes",
      "track": "A House Is Not A Motel - 2015 Remastered Version"
    },
    {
      "artist": "The Brummies",
      "album": "Eternal Reach",
      "track": "Haunted"
    },
    {
      "artist": "BROCKHAMPTON",
      "album": "SATURATION III",
      "track": "RENTAL"
    },
    {
      "artist": "Janelle Monáe",
      "album": "Dirty Computer",
      "track": "Make Me Feel"
    },
    {
      "artist": "Nick Drake",
      "album": "Pink Moon",
      "track": "Road"
    },
    {
      "artist": "Lee Fields & The Expressions",
      "album": "Emma Jean",
      "track": "Still Gets Me Down"
    },
    {
      "artist": "Amen Dunes",
      "album": "Freedom",
      "track": "Miki Dora"
    },
    {
      "artist": "Kacey Musgraves",
      "album": "Golden Hour",
      "track": "Butterflies"
    },
    {
      "artist": "Noname",
      "album": "Room 25",
      "track": "Window"
    },
    {
      "artist": "Kevin Abstract",
      "album": "ARIZONA BABY",
      "track": "Crumble"
    },
    {
      "artist": "BROCKHAMPTON",
      "album": "SATURATION",
      "track": "2PAC"
    },
    {
      "artist": "Pusha T",
      "album": "DAYTONA",
      "track": "Santeria"
    },
    {
      "artist": "Capital Cities",
      "album": "In A Tidal Wave Of Mystery",
      "track": "Origami"
    },
    {
      "artist": "BROCKHAMPTON",
      "album": "SATURATION II",
      "track": "GUMMY"
    },
    {
      "artist": "The Glitch Mob",
      "album": "Drink the Sea",
      "track": "Between Two Points (feat. Swan)"
    },
    {
      "artist": "BROCKHAMPTON",
      "album": "SATURATION",
      "track": "TRIP"
    },
    {
      "artist": "Kacey Musgraves",
      "album": "Golden Hour",
      "track": "Space Cowboy"
    },
    {
      "artist": "Noname",
      "album": "Telefone",
      "track": "Forever (feat. Joseph Chilliams & Ravyn Lenae)"
    },
    {
      "artist": "Jack Johnson",
      "album": "In Between Dreams",
      "track": "Banana Pancakes"
    },
    {
      "artist": "Anderson .Paak",
      "album": "Oxnard",
      "track": "Headlow (feat. Norelle)"
    },
    {
      "artist": "Against All Logic",
      "album": "2012 - 2017",
      "track": "Flash in the Pan"
    },
    {
      "artist": "Barrie",
      "album": "Happy to Be Here",
      "track": "Dark Tropical"
    },
    {
      "artist": "The Brummies",
      "album": "Eternal Reach",
      "track": "Ok Boy"
    },
    {
      "artist": "Amen Dunes",
      "album": "Freedom",
      "track": "Freedom"
    },
    {
      "artist": "The Vryll Society",
      "album": "Course Of The Satellite",
      "track": "Glows and Spheres"
    },
    {
      "artist": "Tyler, The Creator",
      "album": "Flower Boy",
      "track": "November"
    },
    {
      "artist": "Capital Cities",
      "album": "In A Tidal Wave Of Mystery",
      "track": "Patience Gets Us Nowhere Fast"
    },
    {
      "artist": "Kacey Musgraves",
      "album": "Golden Hour",
      "track": "Slow Burn"
    },
    {
      "artist": "Frank Ocean",
      "album": "Blonde",
      "track": "Good Guy"
    },
    {
      "artist": "Kacey Musgraves",
      "album": "Golden Hour",
      "track": "Mother"
    },
    {
      "artist": "The Front Bottoms",
      "album": "Going Grey",
      "track": "Vacation Town"
    },
    {
      "artist": "Saba",
      "album": "CARE FOR ME",
      "track": "HEAVEN ALL AROUND ME"
    },
    {
      "artist": "Amen Dunes",
      "album": "Freedom",
      "track": "Skipping School"
    },
    {
      "artist": "Moses Sumney",
      "album": "Aromanticism",
      "track": "Quarrel"
    },
    {
      "artist": "Moses Sumney",
      "album": "Aromanticism",
      "track": "Doomed"
    },
    {
      "artist": "Jack Johnson",
      "album": "In Between Dreams",
      "track": "Constellations"
    },
    {
      "artist": "SZA",
      "album": "Ctrl",
      "track": "Go Gina"
    },
    {
      "artist": "The Vryll Society",
      "album": "Course Of The Satellite",
      "track": "Tears We Cry"
    },
    {
      "artist": "Steve Lacy",
      "album": "Apollo XXI",
      "track": "Only If"
    },
    {
      "artist": "Noname",
      "album": "Room 25",
      "track": "Blaxploitation"
    },
    {
      "artist": "Jacob Collier",
      "album": "In My Room",
      "track": "Down The Line"
    },
    {
      "artist": "Smino",
      "album": "blkswn",
      "track": "Blkoscars"
    },
    {
      "artist": "Moses Sumney",
      "album": "Aromanticism",
      "track": "Self-Help Tape"
    },
    {
      "artist": "Noname",
      "album": "Telefone",
      "track": "Yesterday"
    },
    {
      "artist": "J. Cole",
      "album": "4 Your Eyez Only",
      "track": "4 Your Eyez Only"
    },
    {
      "artist": "KIDS SEE GHOSTS",
      "album": "KIDS SEE GHOSTS",
      "track": "Kids See Ghosts"
    },
    {
      "artist": "Soccer Mommy",
      "album": "Clean",
      "track": "Cool"
    },
    {
      "artist": "Mitski",
      "album": "Be the Cowboy",
      "track": "Washing Machine Heart"
    },
    {
      "artist": "SZA",
      "album": "Ctrl",
      "track": "Garden (Say It Like Dat)"
    },
    {
      "artist": "Against All Logic",
      "album": "2012 - 2017",
      "track": "Rave on U"
    },
    {
      "artist": "Frank Ocean",
      "album": "Blonde",
      "track": "Godspeed"
    },
    {
      "artist": "Led Zeppelin",
      "album": "Led Zeppelin",
      "track": "Babe I'm Gonna Leave You - 2014 Remaster"
    },
    {
      "artist": "Smino",
      "album": "blkswn",
      "track": "Spitshine"
    },
    {
      "artist": "Janelle Monáe",
      "album": "Dirty Computer",
      "track": "Pynk"
    },
    {
      "artist": "Anderson .Paak",
      "album": "Oxnard",
      "track": "Sweet Chick (feat. BJ The Chicago Kid)"
    },
    {
      "artist": "Nilüfer Yanya",
      "album": "Plant Feed",
      "track": "Sliding Doors"
    },
    {
      "artist": "Capital Cities",
      "album": "In A Tidal Wave Of Mystery",
      "track": "Farrah Fawcett Hair"
    },
    {
      "artist": "Soccer Mommy",
      "album": "Clean",
      "track": "Interlude"
    },
    {
      "artist": "BROCKHAMPTON",
      "album": "SATURATION",
      "track": "CASH"
    },
    {
      "artist": "Frank Ocean",
      "album": "Blonde",
      "track": "White Ferrari"
    },
    {
      "artist": "BROCKHAMPTON",
      "album": "SATURATION II",
      "track": "SCENE 2"
    },
    {
      "artist": "Smino",
      "album": "blkswn",
      "track": "Netflix & Dusse"
    },
    {
      "artist": "Nick Drake",
      "album": "Pink Moon",
      "track": "Free Ride"
    },
    {
      "artist": "Jacob Collier",
      "album": "In My Room",
      "track": "Woke Up Today"
    },
    {
      "artist": "Noname",
      "album": "Telefone",
      "track": "Freedom (Interlude)"
    },
    {
      "artist": "Sufjan Stevens",
      "album": "Carrie & Lowell",
      "track": "No Shade in the Shadow of The Cross"
    },
    {
      "artist": "Jack Johnson",
      "album": "In Between Dreams",
      "track": "Constellations - Demo Version"
    },
    {
      "artist": "Capital Cities",
      "album": "In A Tidal Wave Of Mystery",
      "track": "Chartreuse"
    },
    {
      "artist": "Noname",
      "album": "Room 25",
      "track": "Ace"
    },
    {
      "artist": "Tyler, The Creator",
      "album": "Flower Boy",
      "track": "Sometimes..."
    },
    {
      "artist": "BROCKHAMPTON",
      "album": "SATURATION",
      "track": "SKIT 3"
    },
    {
      "artist": "Saba",
      "album": "Bucket List Project",
      "track": "Bucket List"
    },
    {
      "artist": "Anderson .Paak",
      "album": "Malibu",
      "track": "Parking Lot"
    },
    {
      "artist": "The Glitch Mob",
      "album": "Drink the Sea",
      "track": "How To Be Eaten By A Woman"
    },
    {
      "artist": "Saba",
      "album": "Bucket List Project",
      "track": "MOST"
    },
    {
      "artist": "Jacob Collier",
      "album": "In My Room",
      "track": "Hideaway"
    },
    {
      "artist": "Noname",
      "album": "Telefone",
      "track": "Sunny Duet (feat. the Mind)"
    },
    {
      "artist": "Beck",
      "album": "Morning Phase",
      "track": "Cycle"
    },
    {
      "artist": "Sufjan Stevens",
      "album": "Carrie & Lowell",
      "track": "Drawn to the Blood"
    },
    {
      "artist": "Anderson .Paak",
      "album": "Oxnard",
      "track": "Left To Right"
    },
    {
      "artist": "Lee Fields & The Expressions",
      "album": "Emma Jean",
      "track": "Magnolia"
    },
    {
      "artist": "Radiohead",
      "album": "OK Computer",
      "track": "Airbag"
    },
    {
      "artist": "Mitski",
      "album": "Be the Cowboy",
      "track": "Geyser"
    },
    {
      "artist": "Noname",
      "album": "Room 25",
      "track": "no name"
    },
    {
      "artist": "Saba",
      "album": "CARE FOR ME",
      "track": "CALLIGRAPHY"
    },
    {
      "artist": "Smino",
      "album": "blkswn",
      "track": "blkswn"
    },
    {
      "artist": "Mitski",
      "album": "Be the Cowboy",
      "track": "Why Didn't You Stop Me?"
    },
    {
      "artist": "Love",
      "album": "Forever Changes",
      "track": "The Daily Planet - 2015 Remastered Version"
    },
    {
      "artist": "Tyler, The Creator",
      "album": "IGOR",
      "track": "WHAT'S GOOD"
    },
    {
      "artist": "Mitski",
      "album": "Be the Cowboy",
      "track": "Nobody"
    },
    {
      "artist": "BROCKHAMPTON",
      "album": "SATURATION",
      "track": "BOYS"
    },
    {
      "artist": "Anderson .Paak",
      "album": "Malibu",
      "track": "Lite Weight (feat. The Free Nationals United Fellowship Choir)"
    },
    {
      "artist": "Beck",
      "album": "Morning Phase",
      "track": "Unforgiven"
    },
    {
      "artist": "BROCKHAMPTON",
      "album": "SATURATION II",
      "track": "SUNNY"
    },
    {
      "artist": "Soccer Mommy",
      "album": "Clean",
      "track": "Your Dog"
    },
    {
      "artist": "Radiohead",
      "album": "OK Computer",
      "track": "Lucky"
    },
    {
      "artist": "Noname",
      "album": "Telefone",
      "track": "Bye Bye Baby"
    },
    {
      "artist": "Totally Mild",
      "album": "Her",
      "track": "Sky"
    },
    {
      "artist": "Saba",
      "album": "CARE FOR ME",
      "track": "PROM / KING"
    },
    {
      "artist": "Jack Johnson",
      "album": "In Between Dreams",
      "track": "Crying Shame"
    },
    {
      "artist": "Frank Ocean",
      "album": "channel ORANGE",
      "track": "Pink Matter"
    },
    {
      "artist": "Capital Cities",
      "album": "In A Tidal Wave Of Mystery",
      "track": "Tell Me How To Live"
    },
    {
      "artist": "Saba",
      "album": "Bucket List Project",
      "track": "World In My Hands"
    },
    {
      "artist": "Blood Orange",
      "album": "Negro Swan",
      "track": "Hope"
    },
    {
      "artist": "The Brummies",
      "album": "Eternal Reach",
      "track": "Troubles"
    },
    {
      "artist": "Smino",
      "album": "blkswn",
      "track": "B Role"
    }
  ],
  "albums": [
    {
      "artist": "Noname",
      "album": "Room 25"
    },
    {
      "artist": "Jack Johnson",
      "album": "In Between Dreams"
    },
    {
      "artist": "The Procussions",
      "album": "Pro-Exclusive EP"
    },
    {
      "artist": "Vince Staples",
      "album": "FM!"
    },
    {
      "artist": "JID",
      "album": "DiCaprio 2"
    },
    {
      "artist": "Beck",
      "album": "Morning Phase"
    },
    {
      "artist": "The Glitch Mob",
      "album": "Drink the Sea"
    },
    {
      "artist": "J. Cole",
      "album": "Born Sinner"
    },
    {
      "artist": "The Carters",
      "album": "EVERYTHING IS LOVE"
    },
    {
      "artist": "Kevin Abstract",
      "album": "ARIZONA BABY"
    },
    {
      "artist": "Death Cab for Cutie",
      "album": "Kintsugi"
    },
    {
      "artist": "SZA",
      "album": "Ctrl"
    },
    {
      "artist": "BROCKHAMPTON",
      "album": "SATURATION"
    },
    {
      "artist": "Moses Sumney",
      "album": "Aromanticism"
    },
    {
      "artist": "Smino",
      "album": "blkswn"
    },
    {
      "artist": "Anderson .Paak",
      "album": "Malibu"
    },
    {
      "artist": "SAULT",
      "album": "5"
    },
    {
      "artist": "billy woods",
      "album": "Hiding Places"
    },
    {
      "artist": "Saba",
      "album": "Bucket List Project"
    },
    {
      "artist": "Dream Theater",
      "album": "Images and Words"
    },
    {
      "artist": "Herbie Hancock",
      "album": "Head Hunters"
    },
    {
      "artist": "The Beatles",
      "album": "The Beatles"
    },
    {
      "artist": "Amen Dunes",
      "album": "Freedom"
    },
    {
      "artist": "The Notorious B.I.G.",
      "album": "Ready to Die"
    },
    {
      "artist": "Natalie Prass",
      "album": "The Future And The Past"
    },
    {
      "artist": "Snail Mail",
      "album": "Lush"
    },
    {
      "artist": "Kanye West",
      "album": "ye"
    },
    {
      "artist": "The Japanese House",
      "album": "Good At Falling"
    },
    {
      "artist": "J. Cole",
      "album": "KOD"
    },
    {
      "artist": "Polyphia",
      "album": "New Levels New Devils"
    },
    {
      "artist": "Mitski",
      "album": "Be the Cowboy"
    },
    {
      "artist": "KIDS SEE GHOSTS",
      "album": "KIDS SEE GHOSTS"
    },
    {
      "artist": "Kendrick Lamar",
      "album": "DAMN."
    },
    {
      "artist": "Jacob Collier",
      "album": "In My Room"
    },
    {
      "artist": "Mac Miller",
      "album": "Swimming"
    },
    {
      "artist": "Jacob Collier",
      "album": "Djesse Vol. 2"
    },
    {
      "artist": "Beach House",
      "album": "7"
    },
    {
      "artist": "Totally Mild",
      "album": "Her"
    },
    {
      "artist": "Big Thief",
      "album": "U.F.O.F."
    },
    {
      "artist": "YBN Cordae",
      "album": "The Lost Boy"
    },
    {
      "artist": "Saba",
      "album": "CARE FOR ME"
    },
    {
      "artist": "bo en",
      "album": "Pale Machine"
    },
    {
      "artist": "Tropical Fuck Storm",
      "album": "A Laughing Death in Meatspace"
    },
    {
      "artist": "Helena Deland",
      "album": "Drawing Room"
    },
    {
      "artist": "Love",
      "album": "Forever Changes"
    },
    {
      "artist": "Lee Fields & The Expressions",
      "album": "Emma Jean"
    },
    {
      "artist": "BROCKHAMPTON",
      "album": "SATURATION III"
    },
    {
      "artist": "The Beach Boys",
      "album": "Pet Sounds"
    },
    {
      "artist": "Chance the Rapper",
      "album": "Coloring Book"
    },
    {
      "artist": "Blood Orange",
      "album": "Negro Swan"
    },
    {
      "artist": "Purple Mountains",
      "album": "Purple Mountains"
    },
    {
      "artist": "Denzel Curry",
      "album": "TA13OO"
    },
    {
      "artist": "The Beatles",
      "album": "Sgt. Pepper's Lonely Hearts Club Band"
    },
    {
      "artist": "Barrie",
      "album": "Happy to Be Here"
    },
    {
      "artist": "Kacey Musgraves",
      "album": "Golden Hour"
    },
    {
      "artist": "Nick Drake",
      "album": "Pink Moon"
    },
    {
      "artist": "The Front Bottoms",
      "album": "Going Grey"
    },
    {
      "artist": "Bob Dylan",
      "album": "Highway 61 Revisited"
    },
    {
      "artist": "Against All Logic",
      "album": "2012 - 2017"
    },
    {
      "artist": "Sampha",
      "album": "Process"
    },
    {
      "artist": "Tyler, The Creator",
      "album": "Flower Boy"
    },
    {
      "artist": "Kendrick Lamar",
      "album": "good kid, m.A.A.d city"
    },
    {
      "artist": "Capital Cities",
      "album": "In A Tidal Wave Of Mystery"
    },
    {
      "artist": "Ezra Collective",
      "album": "Juan Pablo: The Philosopher"
    },
    {
      "artist": "Travis Scott",
      "album": "ASTROWORLD"
    },
    {
      "artist": "JPEGMAFIA",
      "album": "All My Heroes Are Cornballs"
    },
    {
      "artist": "Jamie xx",
      "album": "In Colour"
    },
    {
      "artist": "JID",
      "album": "The Never Story"
    },
    {
      "artist": "Janelle Monáe",
      "album": "Dirty Computer"
    },
    {
      "artist": "The Brummies",
      "album": "Eternal Reach"
    },
    {
      "artist": "Frank Ocean",
      "album": "channel ORANGE"
    },
    {
      "artist": "Thelonious Monk",
      "album": "Solo Monk"
    },
    {
      "artist": "Rich Brian",
      "album": "The Sailor"
    },
    {
      "artist": "H.E.R.",
      "album": "I Used To Know Her - Part 2 - EP"
    },
    {
      "artist": "Let's Eat Grandma",
      "album": "I'm All Ears"
    },
    {
      "artist": "The Dave Brubeck Quartet",
      "album": "Time Out"
    },
    {
      "artist": "Stevie Wonder",
      "album": "Up-Tight"
    },
    {
      "artist": "Dreamville",
      "album": "Revenge Of The Dreamers III"
    },
    {
      "artist": "Frank Ocean",
      "album": "Blonde"
    },
    {
      "artist": "Destroyer",
      "album": "Kaputt"
    },
    {
      "artist": "Middle Kids",
      "album": "Lost Friends"
    },
    {
      "artist": "Kendrick Lamar",
      "album": "To Pimp A Butterfly"
    },
    {
      "artist": "Radiohead",
      "album": "OK Computer"
    },
    {
      "artist": "Helena Deland",
      "album": "Altogether Unaccompanied, Vol. IV"
    },
    {
      "artist": "Babe Rainbow",
      "album": "Today"
    },
    {
      "artist": "BROCKHAMPTON",
      "album": "SATURATION II"
    },
    {
      "artist": "Superorganism",
      "album": "Superorganism"
    },
    {
      "artist": "Noname",
      "album": "Telefone"
    },
    {
      "artist": "Led Zeppelin",
      "album": "Led Zeppelin"
    },
    {
      "artist": "The Voidz",
      "album": "Virtue"
    },
    {
      "artist": "IDK",
      "album": "Is He Real?"
    },
    {
      "artist": "Soccer Mommy",
      "album": "Clean"
    },
    {
      "artist": "Helena Deland",
      "album": "Altogether Unaccompanied, Vol. III"
    },
    {
      "artist": "Tyler, The Creator",
      "album": "IGOR"
    },
    {
      "artist": "Pusha T",
      "album": "DAYTONA"
    },
    {
      "artist": "J. Cole",
      "album": "4 Your Eyez Only"
    },
    {
      "artist": "Dave",
      "album": "PSYCHODRAMA"
    },
    {
      "artist": "The Vryll Society",
      "album": "Course Of The Satellite"
    },
    {
      "artist": "U.S. Girls",
      "album": "In a Poem Unlimited"
    },
    {
      "artist": "The Japanese House",
      "album": "Saw You In A Dream"
    },
    {
      "artist": "Tame Impala",
      "album": "Lonerism"
    },
    {
      "artist": "James Blake",
      "album": "Assume Form"
    },
    {
      "artist": "José González",
      "album": "Vestiges & Claws"
    },
    {
      "artist": "Little Simz",
      "album": "GREY Area"
    },
    {
      "artist": "Vince Staples",
      "album": "Big Fish Theory"
    },
    {
      "artist": "Sufjan Stevens",
      "album": "Carrie & Lowell"
    },
    {
      "artist": "Helena Deland",
      "album": "Altogether Unaccompanied, Vol. I"
    },
    {
      "artist": "Funkadelic",
      "album": "Maggot Brain"
    },
    {
      "artist": "Anderson .Paak",
      "album": "Oxnard"
    },
    {
      "artist": "Weyes Blood",
      "album": "Titanic Rising"
    },
    {
      "artist": "The 1975",
      "album": "I like it when you sleep, for you are so beautiful yet so unaware of it"
    },
    {
      "artist": "FKA twigs",
      "album": "MAGDALENE"
    },
    {
      "artist": "Nilüfer Yanya",
      "album": "Miss Universe"
    },
    {
      "artist": "Daniel Caesar",
      "album": "CASE STUDY 01"
    },
    {
      "artist": "Helena Deland",
      "album": "Altogether Unaccompanied, Vol. II"
    }
  ],
  "shows": [
    {
      "name": "Academy of Ideas",
      "publisher": "Academy of Ideas"
    },
    {
      "name": "Andrew Schulz's Flagrant 2 with Akaash and Kaz",
      "publisher": "Loud Speakers Network"
    },
    {
      "name": "Arseblog - the Arsecasts, Arsenal podcasts",
      "publisher": "arseblog.com"
    },
    {
      "name": "Discovering Classical Music",
      "publisher": "Inside the Score - Oscar Osicki"
    },
    {
      "name": "Dissect",
      "publisher": "Spotify Studios"
    },
    {
      "name": "FiveThirtyEight Politics",
      "publisher": "FiveThirtyEight, 538, ESPN, Nate Silver"
    },
    {
      "name": "Hot Takedown",
      "publisher": "FiveThirtyEight, 538, ESPN, Neil Paine, Geoff Foster, Sara Ziegler"
    },
    {
      "name": "Impact Theory with Tom Bilyeu",
      "publisher": "Tom Bilyeu"
    },
    {
      "name": "Meditative Story",
      "publisher": "WaitWhat + Thrive Global"
    },
    {
      "name": "POLITICO's Nerdcast",
      "publisher": "POLITICO"
    },
    {
      "name": "Philosophize This!",
      "publisher": "Stephen West"
    },
    {
      "name": "Start Here",
      "publisher": "ABC News"
    },
    {
      "name": "The Art of Manliness",
      "publisher": "The Art of Manliness"
    },
    {
      "name": "The Breakfast Club",
      "publisher": "iHeartRadio"
    },
    {
      "name": "The Ezra Klein Show",
      "publisher": "Vox"
    },
    {
      "name": "The GaryVee Audio Experience",
      "publisher": "Gary Vaynerchuk"
    },
    {
      "name": "The Needle Drop with Anthony Fantano",
      "publisher": "The Needle Drop"
    },
    {
      "name": "The Upshot",
      "publisher": "Ultiworld"
    },
    {
      "name": "Twenty Thousand Hertz",
      "publisher": "Dallas Taylor"
    },
    {
      "name": "VoxTalks",
      "publisher": "VoxTalks"
    }
  ],
  "episodes": [
  ],
  "bannedTracks": [
  ],
  "other": [
  ]
}